越秀保利爱特城,25000,越秀保利爱特城_￥25000,https://gz.fang.lianjia.com/loupan/p_yxblatcaauit/,020,
实地常春藤,23000,实地常春藤_￥23000,https://gz.fang.lianjia.com/loupan/p_sdcctaaupe/,020,
万科幸福誉,19000,万科幸福誉_￥19000,https://gz.fang.lianjia.com/loupan/p_wkxfyaaugv/,020,
雅居乐海珠小雅,52000,雅居乐海珠小雅_￥52000,https://gz.fang.lianjia.com/loupan/p_yjlhzxyabfbz/,020,
龙光玖龙湾,16000,龙光玖龙湾_￥16000,https://gz.fang.lianjia.com/loupan/p_lgjlwabeyv/,0757,
容桂碧桂园凤凰湾,14000,容桂碧桂园凤凰湾_￥14000,https://gz.fang.lianjia.com/loupan/p_rgbgyhwabeva/,0757,
佳兆业壹号,70000,佳兆业壹号_￥70000,https://gz.fang.lianjia.com/loupan/p_jzyyhabfip/,020,
绿地丽雅香榭花苑,13000,绿地丽雅香榭花苑_￥13000,https://gz.fang.lianjia.com/loupan/p_ldlyxxhyabhbd/,0757,
万科又一城,15000,万科又一城_￥15000,https://gz.fang.lianjia.com/loupan/p_wkyycabjmv/,0757,
中海新城公馆,16500,中海新城公馆_￥16500,https://gz.fang.lianjia.com/loupan/p_zhxcggabmuh/,0757,
江源半岛花园,70000,江源半岛花园_￥70000,https://gz.fang.lianjia.com/loupan/p_jybdhyaauqp/,020,
雅居乐万科热橙,15000,雅居乐万科热橙_￥15000,https://gz.fang.lianjia.com/loupan/p_yjlwkrcaauiv/,020,
富力悦禧花园,23000,富力悦禧花园_￥23000,https://gz.fang.lianjia.com/loupan/p_flyxhyaauvf/,020,
峰湖御境,31000,峰湖御境_￥31000,https://gz.fang.lianjia.com/loupan/p_fhyjaazlp/,020,
万科山景城,26000,万科山景城_￥26000,https://gz.fang.lianjia.com/loupan/p_wksjcaatwy/,020,
远洋天骄,46000,远洋天骄_￥46000,https://gz.fang.lianjia.com/loupan/p_yytjaaupm/,020,
侨鑫汇悦台,130000,侨鑫汇悦台_￥130000,https://gz.fang.lianjia.com/loupan/p_qxhytaauja/,020,
天誉半岛花园,100000,天誉半岛花园_￥100000,https://gz.fang.lianjia.com/loupan/p_tybdhyaaugh/,020,
越秀星汇御府,85000,越秀星汇御府_￥85000,https://gz.fang.lianjia.com/loupan/p_yxxhyfaaujk/,020,
万科里享家,22000,万科里享家_￥22000,https://gz.fang.lianjia.com/loupan/p_wklxjaaumu/,020,
时代春树里,31000,时代春树里_￥31000,https://gz.fang.lianjia.com/loupan/p_sdcslaaqoq/,020,
鸣翠花园四期,52000,鸣翠花园四期_￥52000,https://gz.fang.lianjia.com/loupan/p_mchysqaauzk/,020,
南沙保利城,20000,南沙保利城_￥20000,https://gz.fang.lianjia.com/loupan/p_nsblcaauzn/,020,
星尚花园,23000,星尚花园_￥23000,https://gz.fang.lianjia.com/loupan/p_xshyaaudv/,020,
恒大御府,59000,恒大御府_￥59000,https://gz.fang.lianjia.com/loupan/p_hdyfaaqvs/,020,
龙湖首开天宸原著,46000,龙湖首开天宸原著_￥46000,https://gz.fang.lianjia.com/loupan/p_lhsktcyzaatxx/,020,
珠江源昌花园,15000,珠江源昌花园_￥15000,https://gz.fang.lianjia.com/loupan/p_zjychyaaupj/,020,
融穗华府,50000,融穗华府_￥50000,https://gz.fang.lianjia.com/loupan/p_rshfaaucp/,020,
金地天河公馆,47000,金地天河公馆_￥47000,https://gz.fang.lianjia.com/loupan/p_jdthggaazrg/,020,
叠翠峰,25000,叠翠峰_￥25000,https://gz.fang.lianjia.com/loupan/p_dcfaaurv/,020,
广晟圣淘沙,18000,广晟圣淘沙_￥18000,https://gz.fang.lianjia.com/loupan/p_gcstsaaued/,020,
鹅潭湾,50000,鹅潭湾_￥50000,https://gz.fang.lianjia.com/loupan/p_etwaaqvu/,020,
叠翠轩,11000,叠翠轩_￥11000,https://gz.fang.lianjia.com/loupan/p_dcxaazcq/,020,
悠山时光,19500,悠山时光_￥19500,https://gz.fang.lianjia.com/loupan/p_yssgaaubh/,020,
珑翠,38000,珑翠_￥38000,https://gz.fang.lianjia.com/loupan/p_lcaaudu/,020,
保利云禧西区,60000,保利云禧西区_￥60000,https://gz.fang.lianjia.com/loupan/p_blyxxqaaqwc/,020,
豪利花园,23000,豪利花园_￥23000,https://gz.fang.lianjia.com/loupan/p_hlhyaaunr/,020,
广州星河山海湾,27000,广州星河山海湾_￥27000,https://gz.fang.lianjia.com/loupan/p_gzxhshwaauov/,020,
南华时代城,22000,南华时代城_￥22000,https://gz.fang.lianjia.com/loupan/p_nhsdcaatyq/,020,
嘉富广场东山一品,75000,嘉富广场东山一品_￥75000,https://gz.fang.lianjia.com/loupan/p_jfgcdsypaavgk/,020,
绿地新里缇香公馆,20000,绿地新里缇香公馆_￥20000,https://gz.fang.lianjia.com/loupan/p_ldxltxggaauen/,020,
九洲海誉居,85000,九洲海誉居_￥85000,https://gz.fang.lianjia.com/loupan/p_jzhyjaaujg/,020,
峻林,86000,峻林_￥86000,https://gz.fang.lianjia.com/loupan/p_jlyaarah/,020,
博雅首府,120000,博雅首府_￥120000,https://gz.fang.lianjia.com/loupan/p_bysfaauvr/,020,
尚轩103,54000,尚轩103_￥54000,https://gz.fang.lianjia.com/loupan/p_sxaatxt/,020,
中央郡,23000,中央郡_￥23000,https://gz.fang.lianjia.com/loupan/p_zyjaaufi/,020,
大学小筑,60000,大学小筑_￥60000,https://gz.fang.lianjia.com/loupan/p_dxxzaaukv/,020,
嘉都汇,26000,嘉都汇_￥26000,https://gz.fang.lianjia.com/loupan/p_jdhaaulr/,020,
华海山屿海,19000,华海山屿海_￥19000,https://gz.fang.lianjia.com/loupan/p_hhsyhaazyz/,020,
尚东柏悦府,180000,尚东柏悦府_￥180000,https://gz.fang.lianjia.com/loupan/p_sdbyfaazzb/,020,
广州华发四季,58000,广州华发四季_￥58000,https://gz.fang.lianjia.com/loupan/p_gzhfsjaausq/,020,
珠光御景壹號,70000,珠光御景壹號_￥70000,https://gz.fang.lianjia.com/loupan/p_zgyjyhaauvm/,020,
公园里（春晓花园）,18000,公园里（春晓花园）_￥18000,https://gz.fang.lianjia.com/loupan/p_gylxhyaauct/,020,
爱群荟景湾,72000,爱群荟景湾_￥72000,https://gz.fang.lianjia.com/loupan/p_aqhjwaatyl/,020,
雍晟岭南雅苑,17000,雍晟岭南雅苑_￥17000,https://gz.fang.lianjia.com/loupan/p_yclnyyaaufg/,020,
帝景山庄,100000,帝景山庄_￥100000,https://gz.fang.lianjia.com/loupan/p_djszaazfl/,020,
汉中紫薇苑,16000,汉中紫薇苑_￥16000,https://gz.fang.lianjia.com/loupan/p_hzzwyaauxr/,020,
尚东君御雅苑,1998,尚东君御雅苑_￥1998,https://gz.fang.lianjia.com/loupan/p_sdjyyyaaqop/,020,
珠江帝景苑合生紫龙府,80000,珠江帝景苑合生紫龙府_￥80000,https://gz.fang.lianjia.com/loupan/p_aaqvq/,020,
珠江岭南苑,90000,珠江岭南苑_￥90000,https://gz.fang.lianjia.com/loupan/p_zjlnyaauqw/,020,
北大资源博雅1898,47000,北大资源博雅1898_￥47000,https://gz.fang.lianjia.com/loupan/p_bdzybyaaupd/,020,
越秀星汇云城,45000,越秀星汇云城_￥45000,https://gz.fang.lianjia.com/loupan/p_yxxhycaaupc/,020,
碧桂园东湖1号,18000,碧桂园东湖1号_￥18000,https://gz.fang.lianjia.com/loupan/p_jmdhyhaaunt/,020,
流花君庭,68000,流花君庭_￥68000,https://gz.fang.lianjia.com/loupan/p_lhjtaauor/,020,
臻尚苑,39000,臻尚苑_￥39000,https://gz.fang.lianjia.com/loupan/p_zsyaauob/,020,
蓝光林肯公园,25000,蓝光林肯公园_￥25000,https://gz.fang.lianjia.com/loupan/p_tdxryaaupk/,020,
顺欣花园,22000,顺欣花园_￥22000,https://gz.fang.lianjia.com/loupan/p_sxhyaaudz/,020,
中海花湾壹号,50000,中海花湾壹号_￥50000,https://gz.fang.lianjia.com/loupan/p_zhhwyhaaucd/,020,
合景花漫里,18000,合景花漫里_￥18000,https://gz.fang.lianjia.com/loupan/p_hjhmlaauep/,020,
宝兴翠园,45000,宝兴翠园_￥45000,https://gz.fang.lianjia.com/loupan/p_bxcyaaueg/,020,
珠光御景山水城,16000,珠光御景山水城_￥16000,https://gz.fang.lianjia.com/loupan/p_zgyjsscaauco/,020,
西福蓝湾,19000,西福蓝湾_￥19000,https://gz.fang.lianjia.com/loupan/p_xflwaaufm/,020,
新世界凯粤湾,46500,新世界凯粤湾_￥46500,https://gz.fang.lianjia.com/loupan/p_xsjkywaatyj/,020,
智杰雅筑,15000,智杰雅筑_￥15000,https://gz.fang.lianjia.com/loupan/p_zjyzaatxr/,020,
雅居乐富春山居,38000,雅居乐富春山居_￥38000,https://gz.fang.lianjia.com/loupan/p_yjlfcsjaatyr/,020,
荔山雅筑,17000,荔山雅筑_￥17000,https://gz.fang.lianjia.com/loupan/p_lsyzaatym/,020,
白云堡豪苑尚云名邸,42000,白云堡豪苑尚云名邸_￥42000,https://gz.fang.lianjia.com/loupan/p_bybhysymdaauhl/,020,
珠江壹城,16500,珠江壹城_￥16500,https://gz.fang.lianjia.com/loupan/p_zjycaauim/,020,
南天名苑,48000,南天名苑_￥48000,https://gz.fang.lianjia.com/loupan/p_ntmyaaufh/,020,
珠江嘉园,22000,珠江嘉园_￥22000,https://gz.fang.lianjia.com/loupan/p_zjjyaaull/,020,
兰亭盛荟,50000,兰亭盛荟_￥50000,https://gz.fang.lianjia.com/loupan/p_ltshaaumq/,020,
保利西悦湾,46000,保利西悦湾_￥46000,https://gz.fang.lianjia.com/loupan/p_blxywaaumr/,020,
珠光山水御苑,13000,珠光山水御苑_￥13000,https://gz.fang.lianjia.com/loupan/p_zgssyyaaujj/,020,
天河星作,43000,天河星作_￥43000,https://gz.fang.lianjia.com/loupan/p_thxzaavns/,020,
合生湖山国际峰景路,22000,合生湖山国际峰景路_￥22000,https://gz.fang.lianjia.com/loupan/p_hshsgjfjlaawyo/,020,
东湖洲花园2区,29000,东湖洲花园2区_￥29000,https://gz.fang.lianjia.com/loupan/p_dhzhyaavfg/,020,
华发荔湾荟,45000,华发荔湾荟_￥45000,https://gz.fang.lianjia.com/loupan/p_hflwhaavgm/,020,
广州星河丹堤,25000,广州星河丹堤_￥25000,https://gz.fang.lianjia.com/loupan/p_gzxhddaavhz/,020,
华润天合,46000,华润天合_￥46000,https://gz.fang.lianjia.com/loupan/p_hrthaawlt/,020,
桃花源,25000,桃花源_￥25000,https://gz.fang.lianjia.com/loupan/p_thyaauxv/,020,
中泰天境,20000,中泰天境_￥20000,https://gz.fang.lianjia.com/loupan/p_zttjaauzq/,020,
倾城国际,15500,倾城国际_￥15500,https://gz.fang.lianjia.com/loupan/p_qcgjaauzr/,020,
花城悦翠园,12000,花城悦翠园_￥12000,https://gz.fang.lianjia.com/loupan/p_hcycyaauzp/,020,
时代长岛,28000,时代长岛_￥28000,https://gz.fang.lianjia.com/loupan/p_sdcdaauyc/,020,
佳兆业城市广场,32000,佳兆业城市广场_￥32000,https://gz.fang.lianjia.com/loupan/p_jzycsgcaavcf/,020,
景业荔都,13000,景业荔都_￥13000,https://gz.fang.lianjia.com/loupan/p_jyldaauzv/,020,
远东御江豪庭,40000,远东御江豪庭_￥40000,https://gz.fang.lianjia.com/loupan/p_ydyjhtaauzu/,020,
新动力广场,15000,新动力广场_￥15000,https://gz.fang.lianjia.com/loupan/p_xdlgcaaxza/,0757,
物联创智谷,14000,物联创智谷_￥14000,https://gz.fang.lianjia.com/loupan/p_wlczgaayqj/,0757,
泷景花园,17000,泷景花园_￥17000,https://gz.fang.lianjia.com/loupan/p_ljhyaayrd/,0757,
中恒海晖城,14000,中恒海晖城_￥14000,https://gz.fang.lianjia.com/loupan/p_zhhhcaayqq/,020,
亿城泉说,25000,亿城泉说_￥25000,https://gz.fang.lianjia.com/loupan/p_ycqsaazqy/,020,
广州万达文化旅游城,24000,广州万达文化旅游城_￥24000,https://gz.fang.lianjia.com/loupan/p_gzwdwhlycaazrc/,020,
紫泉流溪湾,20000,紫泉流溪湾_￥20000,https://gz.fang.lianjia.com/loupan/p_zqlxwaazta/,020,
星河湾半岛,68000,星河湾半岛_￥68000,https://gz.fang.lianjia.com/loupan/p_xhwbdaazxr/,020,
万科尚城,33000,万科尚城_￥33000,https://gz.fang.lianjia.com/loupan/p_wkscaazyj/,020,
保利星海小镇,19000,保利星海小镇_￥19000,https://gz.fang.lianjia.com/loupan/p_blxhxzaazyf/,020,
祈福聚龙堡,12000,祈福聚龙堡_￥12000,https://gz.fang.lianjia.com/loupan/p_qfjlbaazlh/,020,
大夫山尚东,25000,大夫山尚东_￥25000,https://gz.fang.lianjia.com/loupan/p_dfssdabasg/,020,
东方文德森岛湖,17000,东方文德森岛湖_￥17000,https://gz.fang.lianjia.com/loupan/p_dfwdsdhabasv/,020,
保利葛洲坝海德公馆,56000,保利葛洲坝海德公馆_￥56000,https://gz.fang.lianjia.com/loupan/p_blgzbhdggabban/,020,
长华国际中心,15000,长华国际中心_￥15000,https://gz.fang.lianjia.com/loupan/p_chgjsyzxabajh/,0757,
天颐华府,60000,天颐华府_￥60000,https://gz.fang.lianjia.com/loupan/p_tyhfabbgy/,020,
新澳ITI国际,18000,新澳ITI国际_￥18000,https://gz.fang.lianjia.com/loupan/p_xaigjabbha/,020,
绿岛明珠,11000,绿岛明珠_￥11000,https://gz.fang.lianjia.com/loupan/p_ldmzabbay/,0757,
越秀岭南隽庭,14000,越秀岭南隽庭_￥14000,https://gz.fang.lianjia.com/loupan/p_yxlnjtabbdj/,0757,
太平洋国际花园,21000,太平洋国际花园_￥21000,https://gz.fang.lianjia.com/loupan/p_tpygjhyabbli/,0757,
顺德荔园新天地,25000,顺德荔园新天地_￥25000,https://gz.fang.lianjia.com/loupan/p_sdlyxtdabbmh/,0757,
融创御府,19000,融创御府_￥19000,https://gz.fang.lianjia.com/loupan/p_rcyfabbmf/,020,
美的花湾城,22000,美的花湾城_￥22000,https://gz.fang.lianjia.com/loupan/p_mdhwcabbta/,0757,
金时花园,17000,金时花园_￥17000,https://gz.fang.lianjia.com/loupan/p_jshyabbub/,020,
乐从风度广场,14500,乐从风度广场_￥14500,https://gz.fang.lianjia.com/loupan/p_lcjlfdgcabbuc/,0757,
金地悦荔,23000,金地悦荔_￥23000,https://gz.fang.lianjia.com/loupan/p_jdylabbts/,020,
保利翡翠公馆,16000,保利翡翠公馆_￥16000,https://gz.fang.lianjia.com/loupan/p_blfcggabbtt/,0757,
御秀名门,18000,御秀名门_￥18000,https://gz.fang.lianjia.com/loupan/p_yxmmabbtf/,020,
保利拉菲,15000,保利拉菲_￥15000,https://gz.fang.lianjia.com/loupan/p_bllflgylabbxk/,0757,
国华新都,14500,国华新都_￥14500,https://gz.fang.lianjia.com/loupan/p_ghxdabbyx/,020,
敏捷华南金谷,12000,敏捷华南金谷_￥12000,https://gz.fang.lianjia.com/loupan/p_mjhnjgabbxg/,0757,
金海MCITY,24000,金海MCITY_￥24000,https://gz.fang.lianjia.com/loupan/p_jhmabbys/,0757,
恒福天悦,14800,恒福天悦_￥14800,https://gz.fang.lianjia.com/loupan/p_hftyabcyb/,020,
海湾城,14000,海湾城_￥14000,https://gz.fang.lianjia.com/loupan/p_hwcabcxy/,0757,
广佛颐景园,22000,广佛颐景园_￥22000,https://gz.fang.lianjia.com/loupan/p_gfyjyabczw/,0757,
信基广场,8500,信基广场_￥8500,https://gz.fang.lianjia.com/loupan/p_xjgcabczn/,020,
万科金域缇香,23000,万科金域缇香_￥23000,https://gz.fang.lianjia.com/loupan/p_wkjytxabdaa/,0757,
京华广场,19000,京华广场_￥19000,https://gz.fang.lianjia.com/loupan/p_lhgjabczc/,020,
佛山恒大城,15000,佛山恒大城_￥15000,https://gz.fang.lianjia.com/loupan/p_fshdcabcze/,020,
光明花半里,14000,光明花半里_￥14000,https://gz.fang.lianjia.com/loupan/p_gmhblabcxx/,020,
敏捷畔海御峰,20000,敏捷畔海御峰_￥20000,https://gz.fang.lianjia.com/loupan/p_mjhyfabcxh/,0757,
博澳城,14000,博澳城_￥14000,https://gz.fang.lianjia.com/loupan/p_bacabcxn/,0757,
当代万国府MOMΛ,24000,当代万国府MOMΛ_￥24000,https://gz.fang.lianjia.com/loupan/p_ddwgfmabcxl/,0757,
景裕名都花园,19000,景裕名都花园_￥19000,https://gz.fang.lianjia.com/loupan/p_jymdhyabcuc/,0757,
都市经典,13000,都市经典_￥13000,https://gz.fang.lianjia.com/loupan/p_dsjdabctj/,0757,
天晟·海琴湾,11500,天晟·海琴湾_￥11500,https://gz.fang.lianjia.com/loupan/p_tcqwabcrk/,020,
和丰颖苑,11000,和丰颖苑_￥11000,https://gz.fang.lianjia.com/loupan/p_hfyyabcrm/,020,
龙湖春江名城,15000,龙湖春江名城_￥15000,https://gz.fang.lianjia.com/loupan/p_lhcjmcabctt/,0757,
荔城尚东,20000,荔城尚东_￥20000,https://gz.fang.lianjia.com/loupan/p_lcsdabctu/,020,
顺德华侨城天鹅湖,22000,顺德华侨城天鹅湖_￥22000,https://gz.fang.lianjia.com/loupan/p_sdhqcehabcte/,0757,
上林苑,15000,上林苑_￥15000,https://gz.fang.lianjia.com/loupan/p_slyabcqf/,020,
招商公园1872,16000,招商公园1872_￥16000,https://gz.fang.lianjia.com/loupan/p_zsyabcpz/,0757,
桂丹颐景园,11500,桂丹颐景园_￥11500,https://gz.fang.lianjia.com/loupan/p_gdyjyabcqc/,0757,
保利桃花源,13000,保利桃花源_￥13000,https://gz.fang.lianjia.com/loupan/p_blthyabcrc/,020,
绿岛湖壹号,15500,绿岛湖壹号_￥15500,https://gz.fang.lianjia.com/loupan/p_ldhyhabcpv/,0757,
绿岛明珠,12000,绿岛明珠_￥12000,https://gz.fang.lianjia.com/loupan/p_ldmzabcpr/,0757,
佛奥湾,16000,佛奥湾_￥16000,https://gz.fang.lianjia.com/loupan/p_fawabckz/,0757,
花都颐和山庄G区,11000,花都颐和山庄G区_￥11000,https://gz.fang.lianjia.com/loupan/p_hdyhszgqabckh/,020,
中旅银湾花园,8500,中旅银湾花园_￥8500,https://gz.fang.lianjia.com/loupan/p_zlywhyabckx/,020,
美的君兰江山,25000,美的君兰江山_￥25000,https://gz.fang.lianjia.com/loupan/p_mdjljsabcjh/,0757,
乐从风度花园,12500,乐从风度花园_￥12500,https://gz.fang.lianjia.com/loupan/p_jlfdhyabclm/,0757,
保利星海小镇,480,保利星海小镇_￥480,https://gz.fang.lianjia.com/loupan/p_blxhxzabchz/,020,
名汇浩湖湾,14500,名汇浩湖湾_￥14500,https://gz.fang.lianjia.com/loupan/p_mhhhwabcmg/,020,
罗马家园龙禧,50000,罗马家园龙禧_￥50000,https://gz.fang.lianjia.com/loupan/p_lmjylxabcmn/,020,
星英半岛花园,20000,星英半岛花园_￥20000,https://gz.fang.lianjia.com/loupan/p_xybdhyabcmq/,0757,
顺德保利中央公园,16000,顺德保利中央公园_￥16000,https://gz.fang.lianjia.com/loupan/p_blzygyabcoh/,0757,
嘉濠雅苑,18000,嘉濠雅苑_￥18000,https://gz.fang.lianjia.com/loupan/p_jhyyabcdv/,0757,
富力伯爵山,19000,富力伯爵山_￥19000,https://gz.fang.lianjia.com/loupan/p_flbjsabcgf/,020,
东方夏湾拿,18000,东方夏湾拿_￥18000,https://gz.fang.lianjia.com/loupan/p_dfxwnabcuh/,020,
深业城,18500,深业城_￥18500,https://gz.fang.lianjia.com/loupan/p_sycabcug/,0757,
合盛盈翠雅筑,18000,合盛盈翠雅筑_￥18000,https://gz.fang.lianjia.com/loupan/p_hsycyzabcwf/,020,
南海万科广场,27000,南海万科广场_￥27000,https://gz.fang.lianjia.com/loupan/p_nhwkgcabcwc/,020,
金地天玺,22000,金地天玺_￥22000,https://gz.fang.lianjia.com/loupan/p_jdtxabcvw/,0757,
万科金色城市,23000,万科金色城市_￥23000,https://gz.fang.lianjia.com/loupan/p_wkjscsabcwp/,020,
金地珑悦,22000,金地珑悦_￥22000,https://gz.fang.lianjia.com/loupan/p_jdlyabcvl/,0757,
保利拉菲,15000,保利拉菲_￥15000,https://gz.fang.lianjia.com/loupan/p_bllflgylabbxk/,0757,
国华新都,14500,国华新都_￥14500,https://gz.fang.lianjia.com/loupan/p_ghxdabbyx/,020,
敏捷华南金谷,12000,敏捷华南金谷_￥12000,https://gz.fang.lianjia.com/loupan/p_mjhnjgabbxg/,0757,
金海MCITY,24000,金海MCITY_￥24000,https://gz.fang.lianjia.com/loupan/p_jhmabbys/,0757,
三盛颐景园,13500,三盛颐景园_￥13500,https://gz.fang.lianjia.com/loupan/p_ssyjyabell/,020,
依云公馆,9500,依云公馆_￥9500,https://gz.fang.lianjia.com/loupan/p_yyggabels/,020,
凯德山海连城,21000,凯德山海连城_￥21000,https://gz.fang.lianjia.com/loupan/p_kdshlcabelz/,020,
碧桂园华润新城之光,18000,碧桂园华润新城之光_￥18000,https://gz.fang.lianjia.com/loupan/p_bgyrxczgabenc/,0757,
誉江华府.誉海半岛,11500,誉江华府.誉海半岛_￥11500,https://gz.fang.lianjia.com/loupan/p_yjhfhbdabdch/,0757,
宏鼎景裕豪园,26000,宏鼎景裕豪园_￥26000,https://gz.fang.lianjia.com/loupan/p_hdjyhyabdbl/,020,
三盛颐景园,13500,三盛颐景园_￥13500,https://gz.fang.lianjia.com/loupan/p_ssyjyabell/,020,
依云公馆,9500,依云公馆_￥9500,https://gz.fang.lianjia.com/loupan/p_yyggabels/,020,
凯德山海连城,21000,凯德山海连城_￥21000,https://gz.fang.lianjia.com/loupan/p_kdshlcabelz/,020,
碧桂园华润新城之光,18000,碧桂园华润新城之光_￥18000,https://gz.fang.lianjia.com/loupan/p_bgyrxczgabenc/,0757,
保利碧桂园悦公馆,16000,保利碧桂园悦公馆_￥16000,https://gz.fang.lianjia.com/loupan/p_blbgyggzbhyabemx/,0757,
实地蔷薇国际,20000,实地蔷薇国际_￥20000,https://gz.fang.lianjia.com/loupan/p_sdqwgjabdsq/,020,
广州中航城,19000,广州中航城_￥19000,https://gz.fang.lianjia.com/loupan/p_zhchyabdww/,020,
雅宝新城,16500,雅宝新城_￥16500,https://gz.fang.lianjia.com/loupan/p_ybxcabdvh/,020,
佳兆业金域天下,12000,佳兆业金域天下_￥12000,https://gz.fang.lianjia.com/loupan/p_jzyytxabdlz/,0757,
东圣维拉,14500,东圣维拉_￥14500,https://gz.fang.lianjia.com/loupan/p_dswlabdmb/,0757,
玖珑湖悦沐庄,22000,玖珑湖悦沐庄_￥22000,https://gz.fang.lianjia.com/loupan/p_jlhymzabdee/,020,
美立方,17000,美立方_￥17000,https://gz.fang.lianjia.com/loupan/p_mlfhyabdfy/,0757,
远洋芙蓉墅,25000,远洋芙蓉墅_￥25000,https://gz.fang.lianjia.com/loupan/p_fzfrsabdfe/,020,
奥园莲峰圣境,19000,奥园莲峰圣境_￥19000,https://gz.fang.lianjia.com/loupan/p_aylfsjabefo/,020,
富力泉天下,14000,富力泉天下_￥14000,https://gz.fang.lianjia.com/loupan/p_flqtxabdid/,020,
珠水豪庭,26000,珠水豪庭_￥26000,https://gz.fang.lianjia.com/loupan/p_zshtabdbx/,020,
伦教碧桂园,18000,伦教碧桂园_￥18000,https://gz.fang.lianjia.com/loupan/p_ljbgyyfabdaf/,0757,
时代水岸花园,24000,时代水岸花园_￥24000,https://gz.fang.lianjia.com/loupan/p_sdsahyabdbv/,0757,
誉江华府.誉龙湾,11500,誉江华府.誉龙湾_￥11500,https://gz.fang.lianjia.com/loupan/p_yjhflwabdcf/,020,
誉江华府.誉海半岛,11500,誉江华府.誉海半岛_￥11500,https://gz.fang.lianjia.com/loupan/p_yjhfhbdabdch/,0757,
宏鼎景裕豪园,26000,宏鼎景裕豪园_￥26000,https://gz.fang.lianjia.com/loupan/p_hdjyhyabdbl/,020,
江滨花园·锦绣龙湾,12500,江滨花园·锦绣龙湾_￥12500,https://gz.fang.lianjia.com/loupan/p_jbhyxlwabetv/,0757,
悦珑湖,13000,悦珑湖_￥13000,https://gz.fang.lianjia.com/loupan/p_ylhabesk/,0757,
雅居乐御景豪庭,15500,雅居乐御景豪庭_￥15500,https://gz.fang.lianjia.com/loupan/p_yjlyjhtabesg/,0757,
怡翠尊堤,26000,怡翠尊堤_￥26000,https://gz.fang.lianjia.com/loupan/p_yczdabesp/,0757,
恒大帝景,20000,恒大帝景_￥20000,https://gz.fang.lianjia.com/loupan/p_hdjabepw/,0757,
藏珑华府,22000,藏珑华府_￥22000,https://gz.fang.lianjia.com/loupan/p_clhfabepp/,0757,
广佛新世界,17000,广佛新世界_￥17000,https://gz.fang.lianjia.com/loupan/p_gfxsjabepm/,020,
时代天启,18000,时代天启_￥18000,https://gz.fang.lianjia.com/loupan/p_sdtqabfar/,020,
招商雍华府,45000,招商雍华府_￥45000,https://gz.fang.lianjia.com/loupan/p_zsyhfabfau/,020,
名铸家园,14000,名铸家园_￥14000,https://gz.fang.lianjia.com/loupan/p_mzjyabeuj/,0757,
聚雅华庭,11500,聚雅华庭_￥11500,https://gz.fang.lianjia.com/loupan/p_jyhtabewf/,0757,
明浦居,8500,明浦居_￥8500,https://gz.fang.lianjia.com/loupan/p_mpjabeuv/,0757,
丹灶碧桂园,11500,丹灶碧桂园_￥11500,https://gz.fang.lianjia.com/loupan/p_dzbgyabewi/,0757,
奥园·观湖尚居,13500,奥园·观湖尚居_￥13500,https://gz.fang.lianjia.com/loupan/p_ayhsjabevh/,0757,
三水博雅滨江,8600,三水博雅滨江_￥8600,https://gz.fang.lianjia.com/loupan/p_ssbybjabeuf/,0757,
汇港威华国际,18000,汇港威华国际_￥18000,https://gz.fang.lianjia.com/loupan/p_hgwhgjabfof/,020,
宗德服务中心,16000,宗德服务中心_￥16000,https://gz.fang.lianjia.com/loupan/p_zdfwzxabgqb/,0757,
当代上品湾MOMΛ,17000,当代上品湾MOMΛ_￥17000,https://gz.fang.lianjia.com/loupan/p_cxyjhfabgqa/,020,
海逸·桃花源记,13500,海逸·桃花源记_￥13500,https://gz.fang.lianjia.com/loupan/p_hyhyjabgql/,020,
融创南景湾,7500,融创南景湾_￥7500,https://gz.fang.lianjia.com/loupan/p_rcnjwabgut/,020,
路劲天隽峰,25000,路劲天隽峰_￥25000,https://gz.fang.lianjia.com/loupan/p_ljtjfabgrj/,020,
美的鹭湖森林度假区,8100,美的鹭湖森林度假区_￥8100,https://gz.fang.lianjia.com/loupan/p_mdlhsldjcabgss/,0757,
万科金域中央,15000,万科金域中央_￥15000,https://gz.fang.lianjia.com/loupan/p_wkjyzysqabgsb/,020,
锦绣一方,20000,锦绣一方_￥20000,https://gz.fang.lianjia.com/loupan/p_jxyfabftu/,020,
碧桂园·翡翠湾,9000,碧桂园·翡翠湾_￥9000,https://gz.fang.lianjia.com/loupan/p_bgycwabfub/,0757,
路福联合广场,30000,路福联合广场_￥30000,https://gz.fang.lianjia.com/loupan/p_lflhgcabftl/,020,
保利海德公园,18700,保利海德公园_￥18700,https://gz.fang.lianjia.com/loupan/p_blhdgyabgha/,0757,
元邦山清水秀,13500,元邦山清水秀_￥13500,https://gz.fang.lianjia.com/loupan/p_ybsqsxabggf/,020,
森悦华庭,29000,森悦华庭_￥29000,https://gz.fang.lianjia.com/loupan/p_syhtabfwc/,020,
源海仙村一号,13000,源海仙村一号_￥13000,https://gz.fang.lianjia.com/loupan/p_yhxcyhabfxd/,020,
苹果公馆,28000,苹果公馆_￥28000,https://gz.fang.lianjia.com/loupan/p_pgggabgio/,0757,
君御海城,9600,君御海城_￥9600,https://gz.fang.lianjia.com/loupan/p_jyhcabhqq/,020,
碧桂园钻石湾,17000,碧桂园钻石湾_￥17000,https://gz.fang.lianjia.com/loupan/p_bgyzswabhqc/,0757,
万科金色里程,16500,万科金色里程_￥16500,https://gz.fang.lianjia.com/loupan/p_wkjslcabhsj/,0757,
恒大郦湖城,11000,恒大郦湖城_￥11000,https://gz.fang.lianjia.com/loupan/p_hdlhcabhtk/,0757,
中怡新天地,18000,中怡新天地_￥18000,https://gz.fang.lianjia.com/loupan/p_zytdabhtp/,0757,
美的壹号公馆,25000,美的壹号公馆_￥25000,https://gz.fang.lianjia.com/loupan/p_mdyhggabhrg/,0757,
中海凤凰熙岸,18000,中海凤凰熙岸_￥18000,https://gz.fang.lianjia.com/loupan/p_zhfhxaabhrf/,0757,
恒大御湖湾,12500,恒大御湖湾_￥12500,https://gz.fang.lianjia.com/loupan/p_hdyhwabhrn/,0757,
广佛智城国际电商采购中心,8500,广佛智城国际电商采购中心_￥8500,https://gz.fang.lianjia.com/loupan/p_gfzcgjdscgzxabhrm/,020,
涟岸,454,涟岸_￥454,https://gz.fang.lianjia.com/loupan/p_laabild/,0757,
北部万科城,11000,北部万科城_￥11000,https://gz.fang.lianjia.com/loupan/p_bbwkcabiqh/,020,
源河城市花园,9500,源河城市花园_￥9500,https://gz.fang.lianjia.com/loupan/p_yhcshyyhyabioo/,020,
丽日坚美森林湖,20000,丽日坚美森林湖_￥20000,https://gz.fang.lianjia.com/loupan/p_lrjmslhabilz/,0757,
太平洋鼎旺中心,15000,太平洋鼎旺中心_￥15000,https://gz.fang.lianjia.com/loupan/p_tpydwzxabhgv/,0757,
富力国际金融中心,20000,富力国际金融中心_￥20000,https://gz.fang.lianjia.com/loupan/p_flgjjrzxabhge/,020,
颐德公馆,150000,颐德公馆_￥150000,https://gz.fang.lianjia.com/loupan/p_ydggabhjm/,020,
源河城市花园,9500,源河城市花园_￥9500,https://gz.fang.lianjia.com/loupan/p_yhcshyyhyabioo/,020,
丽日坚美森林湖,20000,丽日坚美森林湖_￥20000,https://gz.fang.lianjia.com/loupan/p_lrjmslhabilz/,0757,
太平洋鼎旺中心,15000,太平洋鼎旺中心_￥15000,https://gz.fang.lianjia.com/loupan/p_tpydwzxabhgv/,0757,
富力国际金融中心,20000,富力国际金融中心_￥20000,https://gz.fang.lianjia.com/loupan/p_flgjjrzxabhge/,020,
颐德公馆,150000,颐德公馆_￥150000,https://gz.fang.lianjia.com/loupan/p_ydggabhjm/,020,
星际半岛,13000,星际半岛_￥13000,https://gz.fang.lianjia.com/loupan/p_xjbdabhiy/,0757,
名澳汇锦桃园,13500,名澳汇锦桃园_￥13500,https://gz.fang.lianjia.com/loupan/p_mahjtyabhjh/,020,
第壹时区,18000,第壹时区_￥18000,https://gz.fang.lianjia.com/loupan/p_dysqabhkg/,020,
恒大悦府,20000,恒大悦府_￥20000,https://gz.fang.lianjia.com/loupan/p_hdyfabhao/,0757,
上林一品,12000,上林一品_￥12000,https://gz.fang.lianjia.com/loupan/p_slypabhak/,020,
美誉紫薇花园,20000,美誉紫薇花园_￥20000,https://gz.fang.lianjia.com/loupan/p_myzwhyabidp/,0757,
兆阳O立方,18500,兆阳O立方_￥18500,https://gz.fang.lianjia.com/loupan/p_zylfabhlb/,0757,
中盈广场,13000,中盈广场_￥13000,https://gz.fang.lianjia.com/loupan/p_zygcabhni/,0757,
听音湖1号公馆,15000,听音湖1号公馆_￥15000,https://gz.fang.lianjia.com/loupan/p_tyhggabhmj/,020,
卓远广场,15000,卓远广场_￥15000,https://gz.fang.lianjia.com/loupan/p_zygcabgwx/,0757,
瀚洋居,8300,瀚洋居_￥8300,https://gz.fang.lianjia.com/loupan/p_hyjabgvl/,0757,
桂南尚都,11000,桂南尚都_￥11000,https://gz.fang.lianjia.com/loupan/p_gnsdabgwc/,020,
林上湾,15000,林上湾_￥15000,https://gz.fang.lianjia.com/loupan/p_lswabgvm/,0757,
云山峰境四期,12800,云山峰境四期_￥12800,https://gz.fang.lianjia.com/loupan/p_ysfjsqabgvp/,020,
碧桂园凤凰城半山一号院,26000,碧桂园凤凰城半山一号院_￥26000,https://gz.fang.lianjia.com/loupan/p_bgyfhcbsyhyabhuo/,020,
康格斯花园橡树湾,14000,康格斯花园橡树湾_￥14000,https://gz.fang.lianjia.com/loupan/p_kgsxswabhxe/,0757,
新凯广场,16000,新凯广场_￥16000,https://gz.fang.lianjia.com/loupan/p_xkgcabiic/,0757,
中信山语湖,16000,中信山语湖_￥16000,https://gz.fang.lianjia.com/loupan/p_zxsyhabigj/,020,
丽日天鹅湖,18000,丽日天鹅湖_￥18000,https://gz.fang.lianjia.com/loupan/p_lrtehabjpm/,020,
奥园香雪华府,35000,奥园香雪华府_￥35000,https://gz.fang.lianjia.com/loupan/p_ayxxhfabjsv/,020,
万科美的西江悦花园,11500,万科美的西江悦花园_￥11500,https://gz.fang.lianjia.com/loupan/p_wkmdxjyhyabjsz/,020,
欧雅右岸春天,11000,欧雅右岸春天_￥11000,https://gz.fang.lianjia.com/loupan/p_oyyactabjqw/,020,
三水万达广场,8500,三水万达广场_￥8500,https://gz.fang.lianjia.com/loupan/p_sswdgcabjti/,020,
时代名著,21000,时代名著_￥21000,https://gz.fang.lianjia.com/loupan/p_sdmzabjkb/,020,
连城湾,18000,连城湾_￥18000,https://gz.fang.lianjia.com/loupan/p_lcwabjlb/,0757,
碧桂园珑悦,14000,碧桂园珑悦_￥14000,https://gz.fang.lianjia.com/loupan/p_bgyyabjky/,0757,
东联大厦,9300,东联大厦_￥9300,https://gz.fang.lianjia.com/loupan/p_sdzfyabjld/,0757,
嘉兰轩,60000,嘉兰轩_￥60000,https://gz.fang.lianjia.com/loupan/p_jlxabiur/,020,
中铁诺德中心,36000,中铁诺德中心_￥36000,https://gz.fang.lianjia.com/loupan/p_ztndzxabjfe/,020,
时代南湾,11000,时代南湾_￥11000,https://gz.fang.lianjia.com/loupan/p_sdnwabjlz/,020,
万科城市之光,16500,万科城市之光_￥16500,https://gz.fang.lianjia.com/loupan/p_wkcszgabjmk/,020,
华夏中央广场,12000,华夏中央广场_￥12000,https://gz.fang.lianjia.com/loupan/p_hxzygcabjmq/,0757,
灯湖领秀,60000,灯湖领秀_￥60000,https://gz.fang.lianjia.com/loupan/p_dhlxabjms/,020,
万科云,22000,万科云_￥22000,https://gz.fang.lianjia.com/loupan/p_wkyabkyy/,020,
碧桂园云麓半山,27000,碧桂园云麓半山_￥27000,https://gz.fang.lianjia.com/loupan/p_bgyylbsabkwz/,020,
融创御园,18000,融创御园_￥18000,https://gz.fang.lianjia.com/loupan/p_rcyyabkya/,020,
富力金街28,65000,富力金街28_￥65000,https://gz.fang.lianjia.com/loupan/p_fljjabkxu/,020,
金钻商贸公寓,14500,金钻商贸公寓_￥14500,https://gz.fang.lianjia.com/loupan/p_jzsmgyablai/,0757,
旭辉公元,17000,旭辉公元_￥17000,https://gz.fang.lianjia.com/loupan/p_xhgyabjwh/,0757,
绿地璀璨天城,19000,绿地璀璨天城_￥19000,https://gz.fang.lianjia.com/loupan/p_ldcctcabjwm/,0757,
金融街融御,60000,金融街融御_￥60000,https://gz.fang.lianjia.com/loupan/p_jrjryabjub/,020,
力合科技园,7000,力合科技园_￥7000,https://gz.fang.lianjia.com/loupan/p_lhkjyabjwy/,020,
祈福南湾半岛,11000,祈福南湾半岛_￥11000,https://gz.fang.lianjia.com/loupan/p_qfnwbdabjve/,0757,
海伦堡海汇广场,14000,海伦堡海汇广场_￥14000,https://gz.fang.lianjia.com/loupan/p_hlbhhgcabkrk/,020,
越秀滨海新城,18000,越秀滨海新城_￥18000,https://gz.fang.lianjia.com/loupan/p_yxbhxcabkvz/,020,
雅居蓝湾,8300,雅居蓝湾_￥8300,https://gz.fang.lianjia.com/loupan/p_yjlwabkvj/,0757,
万科云,22000,万科云_￥22000,https://gz.fang.lianjia.com/loupan/p_wkyabkyy/,020,
海伦堡海汇广场,14000,海伦堡海汇广场_￥14000,https://gz.fang.lianjia.com/loupan/p_hlbhhgcabkrk/,020,
三水冠军城,12000,三水冠军城_￥12000,https://gz.fang.lianjia.com/loupan/p_ssgjcablet/,020,
保利紫山,22500,保利紫山_￥22500,https://gz.fang.lianjia.com/loupan/p_blzsabler/,0757,
力合阳光城云谷,18000,力合阳光城云谷_￥18000,https://gz.fang.lianjia.com/loupan/p_lhygcgablel/,0757,
华福熹云水岸,19000,华福熹云水岸_￥19000,https://gz.fang.lianjia.com/loupan/p_hfysaablez/,020,
港航华庭,48000,港航华庭_￥48000,https://gz.fang.lianjia.com/loupan/p_jgddghhtabman/,020,
越先生的街,30000,越先生的街_￥30000,https://gz.fang.lianjia.com/loupan/p_yxsdjabmhx/,020,
晴海岸,24000,晴海岸_￥24000,https://gz.fang.lianjia.com/loupan/p_qhaabmhw/,020,
招鑫富荔广场,25000,招鑫富荔广场_￥25000,https://gz.fang.lianjia.com/loupan/p_zxflgcabmmr/,020,
凯德新玥,25000,凯德新玥_￥25000,https://gz.fang.lianjia.com/loupan/p_kdxyabmiw/,020,
美的明湖,12000,美的明湖_￥12000,https://gz.fang.lianjia.com/loupan/p_mdhabliz/,0757,
富力天海湾,33000,富力天海湾_￥33000,https://gz.fang.lianjia.com/loupan/p_flthwablgo/,020,
三水保利中央公园,12000,三水保利中央公园_￥12000,https://gz.fang.lianjia.com/loupan/p_ssblzygyabliv/,0757,
云溪四季,18000,云溪四季_￥18000,https://gz.fang.lianjia.com/loupan/p_yxsjablvg/,020,
中旅山湖中央,8200,中旅山湖中央_￥8200,https://gz.fang.lianjia.com/loupan/p_zlshzyabltz/,0757,
敏捷华南金谷,14500,敏捷华南金谷_￥14500,https://gz.fang.lianjia.com/loupan/p_mjhnjgablvu/,0757,
三水冠军城,12000,三水冠军城_￥12000,https://gz.fang.lianjia.com/loupan/p_ssgjcablet/,020,
保利紫山,22500,保利紫山_￥22500,https://gz.fang.lianjia.com/loupan/p_blzsabler/,0757,
保利紫山,22500,保利紫山_￥22500,https://gz.fang.lianjia.com/loupan/p_blzsabler/,0757,
力合阳光城云谷,18000,力合阳光城云谷_￥18000,https://gz.fang.lianjia.com/loupan/p_lhygcgablel/,0757,
华福熹云水岸,19000,华福熹云水岸_￥19000,https://gz.fang.lianjia.com/loupan/p_hfysaablez/,020,
越秀滨海御城二区,28000,越秀滨海御城二区_￥28000,https://gz.fang.lianjia.com/loupan/p_yxbhyceqabmnn/,020,
绿地未来城,11000,绿地未来城_￥11000,https://gz.fang.lianjia.com/loupan/p_ldwlcabmom/,0757,
雅居乐融创三江府,11000,雅居乐融创三江府_￥11000,https://gz.fang.lianjia.com/loupan/p_yjlrcsjfabmob/,020,
海伦堡爱Park,18000,海伦堡爱Park_￥18000,https://gz.fang.lianjia.com/loupan/p_hlbapabmsf/,020,
金茂绿岛湖,17500,金茂绿岛湖_￥17500,https://gz.fang.lianjia.com/loupan/p_jmldhabmrz/,0757,
碧桂园曼哈顿,19000,碧桂园曼哈顿_￥19000,https://gz.fang.lianjia.com/loupan/p_bgymhdabmrl/,0757,
万科春风十里,23000,万科春风十里_￥23000,https://gz.fang.lianjia.com/loupan/p_wkcfslabmyp/,020,
汇金中心,41000,汇金中心_￥41000,https://gz.fang.lianjia.com/loupan/p_hjzxabmyg/,020,
银钻广场,17500,银钻广场_￥17500,https://gz.fang.lianjia.com/loupan/p_yzgcabnaa/,0757,
金湾豪庭,10500,金湾豪庭_￥10500,https://gz.fang.lianjia.com/loupan/p_jwhtabmzs/,0757,
大宏锦绣,19500,大宏锦绣_￥19500,https://gz.fang.lianjia.com/loupan/p_dhjxabmzo/,020,
观景豪园,8300,观景豪园_￥8300,https://gz.fang.lianjia.com/loupan/p_gjhyabmzk/,020,
绿地珑玥府,21000,绿地珑玥府_￥21000,https://gz.fang.lianjia.com/loupan/p_ldlyfabnda/,020,
智慧新城,13000,智慧新城_￥13000,https://gz.fang.lianjia.com/loupan/p_zhxcabnlb/,0757,
枫桦雅居,8500,枫桦雅居_￥8500,https://gz.fang.lianjia.com/loupan/p_fhyjabnjw/,020,
依山小筑,20000,依山小筑_￥20000,https://gz.fang.lianjia.com/loupan/p_ysxzabnee/,020,
融创臻园,16500,融创臻园_￥16500,https://gz.fang.lianjia.com/loupan/p_rczyabnlt/,0757,
金茂公馆,12000,金茂公馆_￥12000,https://gz.fang.lianjia.com/loupan/p_jmggabnlw/,020,
琶洲壹號,7700,琶洲壹號_￥7700,https://gz.fang.lianjia.com/loupan/p_pzyhaaumv/,020,
绿湖国际城,unsure,绿湖国际城_￥unsure,https://gz.fang.lianjia.com/loupan/p_lhgjcaaudr/,020,
麓湖轩,unsure,麓湖轩_￥unsure,https://gz.fang.lianjia.com/loupan/p_lhxaauuk/,020,
大洋江畔雅苑,unsure,大洋江畔雅苑_￥unsure,https://gz.fang.lianjia.com/loupan/p_dyjpyyaazlq/,020,
悦江上品苑,unsure,悦江上品苑_￥unsure,https://gz.fang.lianjia.com/loupan/p_yjspyaaubk/,020,
佳滨苑,unsure,佳滨苑_￥unsure,https://gz.fang.lianjia.com/loupan/p_jbyaaulb/,020,
悦万城,unsure,悦万城_￥unsure,https://gz.fang.lianjia.com/loupan/p_ywcaayqz/,020,
保利珑门,unsure,保利珑门_￥unsure,https://gz.fang.lianjia.com/loupan/p_bllmabbnh/,020,
佳兆业滨江一号,unsure,佳兆业滨江一号_￥unsure,https://gz.fang.lianjia.com/loupan/p_jzybjyhabcxj/,0757,
奥园公园一号,unsure,奥园公园一号_￥unsure,https://gz.fang.lianjia.com/loupan/p_aygyyhabcqm/,0757,
鸿业畔湖居,unsure,鸿业畔湖居_￥unsure,https://gz.fang.lianjia.com/loupan/p_hyphjabcdq/,0757,
山璟轩,unsure,山璟轩_￥unsure,https://gz.fang.lianjia.com/loupan/p_sjxabdyv/,020,
颐和盛世,660,颐和盛世_￥660,https://gz.fang.lianjia.com/loupan/p_yhssabdic/,020,
世爵府邸,unsure,世爵府邸_￥unsure,https://gz.fang.lianjia.com/loupan/p_sjfdabdbs/,020,
保利葉公馆,unsure,保利葉公馆_￥unsure,https://gz.fang.lianjia.com/loupan/p_blyggabeqk/,0757,
天河金茂广场,unsure,天河金茂广场_￥unsure,https://gz.fang.lianjia.com/loupan/p_thjmgcabfbh/,020,
恒福新里程,unsure,恒福新里程_￥unsure,https://gz.fang.lianjia.com/loupan/p_hfxlcabewr/,020,
万科·湖岸,unsure,万科·湖岸_￥unsure,https://gz.fang.lianjia.com/loupan/p_wkaabevg/,020,
佛山万科城,unsure,佛山万科城_￥unsure,https://gz.fang.lianjia.com/loupan/p_fswkcabgdi/,0757,
碧桂园岭南盛世,unsure,碧桂园岭南盛世_￥unsure,https://gz.fang.lianjia.com/loupan/p_bgynssabhch/,0757,
美的联诚智汇家,unsure,美的联诚智汇家_￥unsure,https://gz.fang.lianjia.com/loupan/p_zbhyabgwe/,020,
新世界天逸,unsure,新世界天逸_￥unsure,https://gz.fang.lianjia.com/loupan/p_xsjtyabkhg/,020,
新世界云逸,unsure,新世界云逸_￥unsure,https://gz.fang.lianjia.com/loupan/p_xsjyyabkyl/,020,
佳兆业天墅,unsure,佳兆业天墅_￥unsure,https://gz.fang.lianjia.com/loupan/p_jzytsabmbu/,020,
万科桃源里,240,万科桃源里_￥240,https://gz.fang.lianjia.com/loupan/p_wktylabnlh/,020,
乐平碧桂园,unsure,乐平碧桂园_￥unsure,https://gz.fang.lianjia.com/loupan/p_lpbgyabnkr/,0757,
越秀滨海御城,25000,越秀滨海御城_￥25000,https://gz.fang.lianjia.com/loupan/p_yxbhycaaubi/,020,
馨晴轩,47500,馨晴轩_￥47500,https://gz.fang.lianjia.com/loupan/p_xqxaaujn/,020,
保利学府里,43000,保利学府里_￥43000,https://gz.fang.lianjia.com/loupan/p_blxflaaudw/,020,
天健上城,40000,天健上城_￥40000,https://gz.fang.lianjia.com/loupan/p_tjscaauip/,020,
佳兆业天御,61000,佳兆业天御_￥61000,https://gz.fang.lianjia.com/loupan/p_jzytyaaupf/,020,
竹雅苑,36000,竹雅苑_￥36000,https://gz.fang.lianjia.com/loupan/p_zyyaautc/,020,
中盈一海里,9000,中盈一海里_￥9000,https://gz.fang.lianjia.com/loupan/p_zyyhlaarak/,020,
美悦湾,21000,美悦湾_￥21000,https://gz.fang.lianjia.com/loupan/p_mywaatxg/,020,
富丽居,32000,富丽居_￥32000,https://gz.fang.lianjia.com/loupan/p_fljaauno/,020,
翠荷轩,30000,翠荷轩_￥30000,https://gz.fang.lianjia.com/loupan/p_chxszlaauee/,020,
凯德新玥,13500,凯德新玥_￥13500,https://gz.fang.lianjia.com/loupan/p_kdxyaaqwe/,020,
珠光新城御景,90000,珠光新城御景_￥90000,https://gz.fang.lianjia.com/loupan/p_zgxcyjaazze/,020,
合汇学府名郡,27000,合汇学府名郡_￥27000,https://gz.fang.lianjia.com/loupan/p_xfmjaausx/,020,
富基广场,39000,富基广场_￥39000,https://gz.fang.lianjia.com/loupan/p_fjgcaauey/,020,
南沙翡翠公馆,15000,南沙翡翠公馆_￥15000,https://gz.fang.lianjia.com/loupan/p_nsfcggaauxs/,020,
新鸿基御华园,15000,新鸿基御华园_￥15000,https://gz.fang.lianjia.com/loupan/p_xhjyhyaauei/,020,
金融街融穗御府,28000,金融街融穗御府_￥28000,https://gz.fang.lianjia.com/loupan/p_jrjrsyfaaupi/,020,
碧桂园蜜柚,20000,碧桂园蜜柚_￥20000,https://gz.fang.lianjia.com/loupan/p_bgymyaazxq/,020,
君荟名轩,38000,君荟名轩_￥38000,https://gz.fang.lianjia.com/loupan/p_jhmxaaufn/,020,
宝峰春天,11000,宝峰春天_￥11000,https://gz.fang.lianjia.com/loupan/p_bfctaavjj/,020,
轩逸荟,12000,轩逸荟_￥12000,https://gz.fang.lianjia.com/loupan/p_xyhaaubj/,020,
南沙万地雅涛阁,13000,南沙万地雅涛阁_￥13000,https://gz.fang.lianjia.com/loupan/p_nswdytgaaugw/,020,
增城方圆云山诗意,20000,增城方圆云山诗意_￥20000,https://gz.fang.lianjia.com/loupan/p_zcfyyssyaauku/,020,
碧桂园海湾1号,23000,碧桂园海湾1号_￥23000,https://gz.fang.lianjia.com/loupan/p_bgyhwaaupn/,020,
宝翠园,57000,宝翠园_￥57000,https://gz.fang.lianjia.com/loupan/p_bcyaaugn/,020,
汇东国际花园,23000,汇东国际花园_￥23000,https://gz.fang.lianjia.com/loupan/p_hdgjhyaaulf/,020,
龙津世家,45000,龙津世家_￥45000,https://gz.fang.lianjia.com/loupan/p_ljsjaauua/,020,
友田碧云轩,5800,友田碧云轩_￥5800,https://gz.fang.lianjia.com/loupan/p_ytbyxaaugu/,020,
锦尚蓬莱苑,18000,锦尚蓬莱苑_￥18000,https://gz.fang.lianjia.com/loupan/p_jsplyaatxs/,020,
豪利幸福里,12000,豪利幸福里_￥12000,https://gz.fang.lianjia.com/loupan/p_hlxflaaujl/,020,
葛洲坝保利曼城,45000,葛洲坝保利曼城_￥45000,https://gz.fang.lianjia.com/loupan/p_gzbblmcaaupb/,020,
时代南湾,15000,时代南湾_￥15000,https://gz.fang.lianjia.com/loupan/p_sdnwaazxj/,020,
东海嘉园,80000,东海嘉园_￥80000,https://gz.fang.lianjia.com/loupan/p_dhjyaauxy/,020,
宏润天睿,9300,宏润天睿_￥9300,https://gz.fang.lianjia.com/loupan/p_hrtraaugt/,020,
南沙裕豪轩,20000,南沙裕豪轩_￥20000,https://gz.fang.lianjia.com/loupan/p_nsyhxaauyd/,020,
创基丽江国际,18500,创基丽江国际_￥18500,https://gz.fang.lianjia.com/loupan/p_cjljgjaaupl/,020,
乐天峰公馆,22000,乐天峰公馆_￥22000,https://gz.fang.lianjia.com/loupan/p_ltfggaaulk/,020,
合汇·中央广场,28000,合汇·中央广场_￥28000,https://gz.fang.lianjia.com/loupan/p_hhygcaauoc/,020,
新时代家园,16000,新时代家园_￥16000,https://gz.fang.lianjia.com/loupan/p_xsdjyaaumo/,020,
云星钱隆公馆,20000,云星钱隆公馆_￥20000,https://gz.fang.lianjia.com/loupan/p_yxqlggaauxo/,020,
西关海,60000,西关海_￥60000,https://gz.fang.lianjia.com/loupan/p_aarcg/,020,
温馨里,17000,温馨里_￥17000,https://gz.fang.lianjia.com/loupan/p_wxlaarcf/,020,
紫茗花园,8500,紫茗花园_￥8500,https://gz.fang.lianjia.com/loupan/p_zmhyaaraq/,020,
花语水岸,32000,花语水岸_￥32000,https://gz.fang.lianjia.com/loupan/p_hysaaaqwa/,020,
港航华庭,11000,港航华庭_￥11000,https://gz.fang.lianjia.com/loupan/p_jgddghhtaauon/,020,
大城云山,15000,大城云山_￥15000,https://gz.fang.lianjia.com/loupan/p_dcysaauou/,020,
路劲隽悦豪庭,12500,路劲隽悦豪庭_￥12500,https://gz.fang.lianjia.com/loupan/p_ljjyhtaauot/,020,
万科里享水韵,17000,万科里享水韵_￥17000,https://gz.fang.lianjia.com/loupan/p_syytaauoa/,020,
淘金家园峯璟,70000,淘金家园峯璟_￥70000,https://gz.fang.lianjia.com/loupan/p_tjjyfjaaunz/,020,
泊雅湾,32000,泊雅湾_￥32000,https://gz.fang.lianjia.com/loupan/p_bywaaupp/,020,
荔园悦享花醍,14000,荔园悦享花醍_￥14000,https://gz.fang.lianjia.com/loupan/p_lyyxhtaauqx/,020,
南沙湾石奥,21000,南沙湾石奥_￥21000,https://gz.fang.lianjia.com/loupan/p_nswsaaaurw/,020,
保利天悦花园,65000,保利天悦花园_￥65000,https://gz.fang.lianjia.com/loupan/p_bltyhyaaurj/,020,
江山国际,47000,江山国际_￥47000,https://gz.fang.lianjia.com/loupan/p_jsgjaausr/,020,
嘉汇四季阳光,17600,嘉汇四季阳光_￥17600,https://gz.fang.lianjia.com/loupan/p_jhsjygaausv/,020,
晴海岸,23000,晴海岸_￥23000,https://gz.fang.lianjia.com/loupan/p_qhaaaubz/,020,
水韵翔庭,14000,水韵翔庭_￥14000,https://gz.fang.lianjia.com/loupan/p_syxtaaudq/,020,
新天半山,48000,新天半山_￥48000,https://gz.fang.lianjia.com/loupan/p_xtbsaaucm/,020,
阳光城丽景湾,13500,阳光城丽景湾_￥13500,https://gz.fang.lianjia.com/loupan/p_gchyxzaauck/,020,
花都名雅苑,7300,花都名雅苑_￥7300,https://gz.fang.lianjia.com/loupan/p_hdmyyaaueo/,020,
南沙心意华庭,13000,南沙心意华庭_￥13000,https://gz.fang.lianjia.com/loupan/p_nsxyhtaauem/,020,
华标荔苑,8400,华标荔苑_￥8400,https://gz.fang.lianjia.com/loupan/p_hblyaauds/,020,
碧桂园城市花园,16000,碧桂园城市花园_￥16000,https://gz.fang.lianjia.com/loupan/p_bgycshyaaueh/,020,
路劲隽泷湾,26000,路劲隽泷湾_￥26000,https://gz.fang.lianjia.com/loupan/p_ljjlwaaubx/,020,
南沙金湾,12000,南沙金湾_￥12000,https://gz.fang.lianjia.com/loupan/p_nsjwaatxi/,020,
颐德公馆,88000,颐德公馆_￥88000,https://gz.fang.lianjia.com/loupan/p_ydggaauae/,020,
观园壹号,8500,观园壹号_￥8500,https://gz.fang.lianjia.com/loupan/p_gyyhaatzc/,020,
云星钱隆天誉,15000,云星钱隆天誉_￥15000,https://gz.fang.lianjia.com/loupan/p_yxqltyaatxf/,020,
番禺海伦堡流金岁月,33000,番禺海伦堡流金岁月_￥33000,https://gz.fang.lianjia.com/loupan/p_pyhlbljsyaaujs/,020,
荔富湖畔,22000,荔富湖畔_￥22000,https://gz.fang.lianjia.com/loupan/p_lfhpaaukx/,020,
狮城国际,14000,狮城国际_￥14000,https://gz.fang.lianjia.com/loupan/p_scgjaaukn/,020,
海珠湖景峰,27000,海珠湖景峰_￥27000,https://gz.fang.lianjia.com/loupan/p_hzhjfaaumn/,020,
御湖城,7200,御湖城_￥7200,https://gz.fang.lianjia.com/loupan/p_jyyhcaauhi/,020,
人盛巴厘天地,17000,人盛巴厘天地_￥17000,https://gz.fang.lianjia.com/loupan/p_rsbltdaaugq/,020,
鸿益华府,36000,鸿益华府_￥36000,https://gz.fang.lianjia.com/loupan/p_hyhfaaugp/,020,
桃源盛世名苑,11000,桃源盛世名苑_￥11000,https://gz.fang.lianjia.com/loupan/p_tyssmyaaule/,020,
番禺海伦堡流金岁月,33000,番禺海伦堡流金岁月_￥33000,https://gz.fang.lianjia.com/loupan/p_pyhlbljsyaaujs/,020,
荔富湖畔,22000,荔富湖畔_￥22000,https://gz.fang.lianjia.com/loupan/p_lfhpaaukx/,020,
狮城国际,14000,狮城国际_￥14000,https://gz.fang.lianjia.com/loupan/p_scgjaaukn/,020,
海珠湖景峰,27000,海珠湖景峰_￥27000,https://gz.fang.lianjia.com/loupan/p_hzhjfaaumn/,020,
合景誉山国际,18000,合景誉山国际_￥18000,https://gz.fang.lianjia.com/loupan/p_hjysgjaavcx/,020,
荔港南湾H区,24000,荔港南湾H区_￥24000,https://gz.fang.lianjia.com/loupan/p_lgnwhqaavdp/,020,
腾飞园中新里,9000,腾飞园中新里_￥9000,https://gz.fang.lianjia.com/loupan/p_tfyzxlaavdz/,020,
南沙湾东苑,32000,南沙湾东苑_￥32000,https://gz.fang.lianjia.com/loupan/p_nswdyaavgn/,020,
大岗翡翠蓝湾北区,13300,大岗翡翠蓝湾北区_￥13300,https://gz.fang.lianjia.com/loupan/p_dgfclwbqaavja/,020,
中国铁建国际花园,18000,中国铁建国际花园_￥18000,https://gz.fang.lianjia.com/loupan/p_zgtjgjhyaauxp/,020,
紫泉流溪湾,19000,紫泉流溪湾_￥19000,https://gz.fang.lianjia.com/loupan/p_zqlxwaauxu/,020,
广州时代云图,14000,广州时代云图_￥14000,https://gz.fang.lianjia.com/loupan/p_gzsdytaavao/,020,
中汇大厦,14000,中汇大厦_￥14000,https://gz.fang.lianjia.com/loupan/p_zhdsaaxyq/,020,
中海金沙水岸,18000,中海金沙水岸_￥18000,https://gz.fang.lianjia.com/loupan/p_zhjssaaaxzv/,0757,
汇信华府,9000,汇信华府_￥9000,https://gz.fang.lianjia.com/loupan/p_hxhfaaxxg/,0757,
新凯广场,15000,新凯广场_￥15000,https://gz.fang.lianjia.com/loupan/p_xkgcaaxxh/,0757,
世博广场,12000,世博广场_￥12000,https://gz.fang.lianjia.com/loupan/p_sbgcaayhz/,0757,
滨海御庭,12000,滨海御庭_￥12000,https://gz.fang.lianjia.com/loupan/p_bhytaayre/,0757,
港宏世家,9000,港宏世家_￥9000,https://gz.fang.lianjia.com/loupan/p_ghsjaaysq/,0757,
紫薇丽都,19000,紫薇丽都_￥19000,https://gz.fang.lianjia.com/loupan/p_zwldaazsh/,020,
金融街花溪小镇,14000,金融街花溪小镇_￥14000,https://gz.fang.lianjia.com/loupan/p_jrjhxxzaazxy/,020,
班芙小镇,14000,班芙小镇_￥14000,https://gz.fang.lianjia.com/loupan/p_bfxzaaztz/,020,
康格斯花园红棉苑,10000,康格斯花园红棉苑_￥10000,https://gz.fang.lianjia.com/loupan/p_kgshyhmyabaus/,0757,
岭南天地尚苑,20000,岭南天地尚苑_￥20000,https://gz.fang.lianjia.com/loupan/p_lntdsyabajw/,0757,
龙光天湖华府,20000,龙光天湖华府_￥20000,https://gz.fang.lianjia.com/loupan/p_lgthhfabanh/,0757,
华筑翡翠湾,34000,华筑翡翠湾_￥34000,https://gz.fang.lianjia.com/loupan/p_hzfcwabbgm/,020,
越秀星汇海珠湾,53000,越秀星汇海珠湾_￥53000,https://gz.fang.lianjia.com/loupan/p_yxxhhzwabbjl/,020,
碧桂园华府,17000,碧桂园华府_￥17000,https://gz.fang.lianjia.com/loupan/p_bgyhfabbui/,020,
富力广场,16500,富力广场_￥16500,https://gz.fang.lianjia.com/loupan/p_flgcabbtz/,0757,
非凡领域,14500,非凡领域_￥14500,https://gz.fang.lianjia.com/loupan/p_fflyabbtx/,0757,
润丰花园,15000,润丰花园_￥15000,https://gz.fang.lianjia.com/loupan/p_rfhyabbti/,020,
珑耀华府,14500,珑耀华府_￥14500,https://gz.fang.lianjia.com/loupan/p_lyhfabbro/,020,
嘉悦公馆,7600,嘉悦公馆_￥7600,https://gz.fang.lianjia.com/loupan/p_jyggabbmw/,0757,
碧桂园印象花城,18000,碧桂园印象花城_￥18000,https://gz.fang.lianjia.com/loupan/p_bgyyxhcabbnj/,0757,
观山上岛,15000,观山上岛_￥15000,https://gz.fang.lianjia.com/loupan/p_gssdabczu/,020,
绿地未来城,13000,绿地未来城_￥13000,https://gz.fang.lianjia.com/loupan/p_ldwlcabczi/,0757,
中海繁华里,25000,中海繁华里_￥25000,https://gz.fang.lianjia.com/loupan/p_zhjyhfhlabcxo/,020,
万科金色领域,18000,万科金色领域_￥18000,https://gz.fang.lianjia.com/loupan/p_wkjslyabcxs/,020,
康格斯花园凤凰苑,13500,康格斯花园凤凰苑_￥13500,https://gz.fang.lianjia.com/loupan/p_kgshyfhyabcxu/,0757,
金湖花园金湖翡翠山,55000,金湖花园金湖翡翠山_￥55000,https://gz.fang.lianjia.com/loupan/p_jhhyjhfcsabcxt/,020,
新幸福领汇家园,8500,新幸福领汇家园_￥8500,https://gz.fang.lianjia.com/loupan/p_xxflhjyabcto/,0757,
尚观嘉园,14600,尚观嘉园_￥14600,https://gz.fang.lianjia.com/loupan/p_sgjyabcrp/,020,
翠湖绿洲花园,13000,翠湖绿洲花园_￥13000,https://gz.fang.lianjia.com/loupan/p_ylhtabcrx/,020,
长信银湾,14000,长信银湾_￥14000,https://gz.fang.lianjia.com/loupan/p_cxywabcsa/,020,
依云国际,12000,依云国际_￥12000,https://gz.fang.lianjia.com/loupan/p_yygjabctx/,0757,
涟岸,15000,涟岸_￥15000,https://gz.fang.lianjia.com/loupan/p_laabcty/,0757,
美的广场·擎峰,16000,美的广场·擎峰_￥16000,https://gz.fang.lianjia.com/loupan/p_mdgcqfabcqw/,0757,
涟岸,15000,涟岸_￥15000,https://gz.fang.lianjia.com/loupan/p_laabcty/,0757,
美的广场·擎峰,16000,美的广场·擎峰_￥16000,https://gz.fang.lianjia.com/loupan/p_mdgcqfabcqw/,0757,
龙光·尚街,9500,龙光·尚街_￥9500,https://gz.fang.lianjia.com/loupan/p_lgsjdsabcpt/,0757,
华强广场,13000,华强广场_￥13000,https://gz.fang.lianjia.com/loupan/p_hqgcabckp/,0757,
粤海宝华轩,43500,粤海宝华轩_￥43500,https://gz.fang.lianjia.com/loupan/p_yhbhxabckn/,020,
卓远广场,15000,卓远广场_￥15000,https://gz.fang.lianjia.com/loupan/p_zygcabcky/,0757,
樵汇花园,9000,樵汇花园_￥9000,https://gz.fang.lianjia.com/loupan/p_qhhyabcjb/,020,
雅居乐英伦首府,21000,雅居乐英伦首府_￥21000,https://gz.fang.lianjia.com/loupan/p_yjlylsfabcjl/,0757,
美的翰城,17500,美的翰城_￥17500,https://gz.fang.lianjia.com/loupan/p_mdhcabcic/,0757,
凯蓝滨江公馆,20000,凯蓝滨江公馆_￥20000,https://gz.fang.lianjia.com/loupan/p_klbjggabcnx/,0757,
宏泽豪轩,7000,宏泽豪轩_￥7000,https://gz.fang.lianjia.com/loupan/p_hzhxabcnv/,0757,
怡翠晋盛花园,21000,怡翠晋盛花园_￥21000,https://gz.fang.lianjia.com/loupan/p_ycjshyabcoi/,0757,
汇银W新港湾,11000,汇银W新港湾_￥11000,https://gz.fang.lianjia.com/loupan/p_hywxgwabcoe/,0757,
涛汇豪庭,11000,涛汇豪庭_￥11000,https://gz.fang.lianjia.com/loupan/p_thhtabcmp/,0757,
均安尚苑,8800,均安尚苑_￥8800,https://gz.fang.lianjia.com/loupan/p_jasyabcog/,0757,
绿地香树花园,18500,绿地香树花园_￥18500,https://gz.fang.lianjia.com/loupan/p_ldxshyabcep/,0757,
龙光水悦熙园,13000,龙光水悦熙园_￥13000,https://gz.fang.lianjia.com/loupan/p_lgsyxyabcem/,0757,
柏涛湾豪园,7000,柏涛湾豪园_￥7000,https://gz.fang.lianjia.com/loupan/p_btwhyabcdn/,0757,
龙成国际,7200,龙成国际_￥7200,https://gz.fang.lianjia.com/loupan/p_lcgjabces/,0757,
奥园冠军城,11500,奥园冠军城_￥11500,https://gz.fang.lianjia.com/loupan/p_aygjcabcuj/,020,
金茂华美达,10000,金茂华美达_￥10000,https://gz.fang.lianjia.com/loupan/p_jmhmdabcwk/,0757,
慧聪家电城,9500,慧聪家电城_￥9500,https://gz.fang.lianjia.com/loupan/p_hcjdcabcup/,0757,
保利上城,14000,保利上城_￥14000,https://gz.fang.lianjia.com/loupan/p_blscabcwx/,0757,
嘉信城市花园帝苑,21000,嘉信城市花园帝苑_￥21000,https://gz.fang.lianjia.com/loupan/p_jxcshydyabcuv/,0757,
中海寰宇天下,28000,中海寰宇天下_￥28000,https://gz.fang.lianjia.com/loupan/p_zhhytxabcxd/,020,
天悦湾花园,18000,天悦湾花园_￥18000,https://gz.fang.lianjia.com/loupan/p_tywhyabcxb/,0757,
依岸康堤花园,20000,依岸康堤花园_￥20000,https://gz.fang.lianjia.com/loupan/p_yakdhyabdcb/,0757,
盈信城市花园,5500,盈信城市花园_￥5500,https://gz.fang.lianjia.com/loupan/p_yxcshyabdbu/,0757,
越秀星汇云锦,25000,越秀星汇云锦_￥25000,https://gz.fang.lianjia.com/loupan/p_yxxhyjabdbt/,020,
金海岸花园,8500,金海岸花园_￥8500,https://gz.fang.lianjia.com/loupan/p_jhahyabdai/,0757,
中恒海晖花园,10000,中恒海晖花园_￥10000,https://gz.fang.lianjia.com/loupan/p_zhhhhyabdld/,020,
奥园1号,40000,奥园1号_￥40000,https://gz.fang.lianjia.com/loupan/p_ayabdle/,020,
誉江华府.誉江半岛,12000,誉江华府.誉江半岛_￥12000,https://gz.fang.lianjia.com/loupan/p_yjhfjbdabdlo/,020,
恒大御景,8800,恒大御景_￥8800,https://gz.fang.lianjia.com/loupan/p_hdyjabdfo/,020,
中信山语湖,16800,中信山语湖_￥16800,https://gz.fang.lianjia.com/loupan/p_zxsyhabdfw/,020,
中国美林湖星海游艇别墅,18000,中国美林湖星海游艇别墅_￥18000,https://gz.fang.lianjia.com/loupan/p_zgmlhxhytabdfb/,020,
时代香海彼岸,23000,时代香海彼岸_￥23000,https://gz.fang.lianjia.com/loupan/p_sdxhbayabdiu/,0757,
东湖映月,33000,东湖映月_￥33000,https://gz.fang.lianjia.com/loupan/p_dhyyabdhv/,020,
依岸康堤花园,20000,依岸康堤花园_￥20000,https://gz.fang.lianjia.com/loupan/p_yakdhyabdcb/,0757,
盈信城市花园,5500,盈信城市花园_￥5500,https://gz.fang.lianjia.com/loupan/p_yxcshyabdbu/,0757,
越秀星汇云锦,25000,越秀星汇云锦_￥25000,https://gz.fang.lianjia.com/loupan/p_yxxhyjabdbt/,020,
金海岸花园,8500,金海岸花园_￥8500,https://gz.fang.lianjia.com/loupan/p_jhahyabdai/,0757,
誉江华府.誉峰,12000,誉江华府.誉峰_￥12000,https://gz.fang.lianjia.com/loupan/p_yjhffabdcg/,020,
美的御海东郡·东畔岛,10000,美的御海东郡·东畔岛_￥10000,https://gz.fang.lianjia.com/loupan/p_mdyhdjdaberq/,0757,
城光荟景,12000,城光荟景_￥12000,https://gz.fang.lianjia.com/loupan/p_cghjaberl/,0757,
三水·帝景湾,8300,三水·帝景湾_￥8300,https://gz.fang.lianjia.com/loupan/p_ssjwabeup/,020,
聚豪雅居,10000,聚豪雅居_￥10000,https://gz.fang.lianjia.com/loupan/p_jhyjabewa/,0757,
阳光城·文澜阁,18000,阳光城·文澜阁_￥18000,https://gz.fang.lianjia.com/loupan/p_ygclgabewp/,020,
碧桂园西樵悦府,14600,碧桂园西樵悦府_￥14600,https://gz.fang.lianjia.com/loupan/p_bgyxqyfabewj/,020,
劲嘉金棕榈湾,8000,劲嘉金棕榈湾_￥8000,https://gz.fang.lianjia.com/loupan/p_jjjzlwabetx/,020,
普君新城华府,21000,普君新城华府_￥21000,https://gz.fang.lianjia.com/loupan/p_pjxchfabfgg/,0757,
珠江罗马新都,10000,珠江罗马新都_￥10000,https://gz.fang.lianjia.com/loupan/p_zjlmxdabfgt/,0757,
北湖丽都,15000,北湖丽都_￥15000,https://gz.fang.lianjia.com/loupan/p_bhldabfjl/,020,
星辰花苑,12000,星辰花苑_￥12000,https://gz.fang.lianjia.com/loupan/p_xchyabfjr/,020,
凯德城脉,11000,凯德城脉_￥11000,https://gz.fang.lianjia.com/loupan/p_kdcmabfjb/,0757,
保利中环广场四期中悦花园,18000,保利中环广场四期中悦花园_￥18000,https://gz.fang.lianjia.com/loupan/p_blzhgcsqzyhyabfnc/,0757,
雅居乐小院流溪,16000,雅居乐小院流溪_￥16000,https://gz.fang.lianjia.com/loupan/p_1dyjlxylxabftf/,020,
保利天玺,12162,保利天玺_￥12162,https://gz.fang.lianjia.com/loupan/p_bltxabgbb/,0757,
龙光水悦云天,9500,龙光水悦云天_￥9500,https://gz.fang.lianjia.com/loupan/p_lgsyytabfzr/,0757,
玫瑰铂金公馆,13300,玫瑰铂金公馆_￥13300,https://gz.fang.lianjia.com/loupan/p_mgbjggabgal/,0757,
鸿晖康怡名都,12800,鸿晖康怡名都_￥12800,https://gz.fang.lianjia.com/loupan/p_hhkymdabfxp/,020,
东海国际花园一区4期,17000,东海国际花园一区4期_￥17000,https://gz.fang.lianjia.com/loupan/p_dhgjhyyqabfyc/,0757,
粤晖花园,14000,粤晖花园_￥14000,https://gz.fang.lianjia.com/loupan/p_yhhyabhoh/,0757,
岭南天地璟轩,38000,岭南天地璟轩_￥38000,https://gz.fang.lianjia.com/loupan/p_lntdxabhqn/,0757,
金茂绿岛湖,unsure,金茂绿岛湖_￥unsure,https://gz.fang.lianjia.com/loupan/p_jmldhabhqk/,0757,
山水庄园,11000,山水庄园_￥11000,https://gz.fang.lianjia.com/loupan/p_sszyabhqi/,020,
珠江科技数码城,8300,珠江科技数码城_￥8300,https://gz.fang.lianjia.com/loupan/p_zjkjsmcabhqj/,020,
和华·逸林公馆,17500,和华·逸林公馆_￥17500,https://gz.fang.lianjia.com/loupan/p_hhlggabhqg/,020,
中企绿色总部,12000,中企绿色总部_￥12000,https://gz.fang.lianjia.com/loupan/p_zqlszbabhqr/,0757,
碧桂园·翡翠山,22000,碧桂园·翡翠山_￥22000,https://gz.fang.lianjia.com/loupan/p_bgycsabhqu/,020,
山水庄园,11000,山水庄园_￥11000,https://gz.fang.lianjia.com/loupan/p_sszyabhqi/,020,
珠江科技数码城,8300,珠江科技数码城_￥8300,https://gz.fang.lianjia.com/loupan/p_zjkjsmcabhqj/,020,
和华·逸林公馆,17500,和华·逸林公馆_￥17500,https://gz.fang.lianjia.com/loupan/p_hhlggabhqg/,020,
中企绿色总部,12000,中企绿色总部_￥12000,https://gz.fang.lianjia.com/loupan/p_zqlszbabhqr/,0757,
碧桂园·翡翠山,22000,碧桂园·翡翠山_￥22000,https://gz.fang.lianjia.com/loupan/p_bgycsabhqu/,020,
勒流碧桂园,15000,勒流碧桂园_￥15000,https://gz.fang.lianjia.com/loupan/p_llbgyabhoy/,0757,
雅瑶绿洲,27000,雅瑶绿洲_￥27000,https://gz.fang.lianjia.com/loupan/p_yylzabhpu/,020,
碧桂园·总部新翼广场,12000,碧桂园·总部新翼广场_￥12000,https://gz.fang.lianjia.com/loupan/p_bgybxygcabhra/,0757,
星星凯旋国际,18000,星星凯旋国际_￥18000,https://gz.fang.lianjia.com/loupan/p_xxkxgjabhpp/,0757,
国瑞升平,50000,国瑞升平_￥50000,https://gz.fang.lianjia.com/loupan/p_grspabhpx/,0757,
创越时代,12500,创越时代_￥12500,https://gz.fang.lianjia.com/loupan/p_cysdabhtg/,0757,
保利东湾东瑞广场,13800,保利东湾东瑞广场_￥13800,https://gz.fang.lianjia.com/loupan/p_bldwdrgcabhrb/,0757,
兆丰豪庭,5600,兆丰豪庭_￥5600,https://gz.fang.lianjia.com/loupan/p_zfhtabhhi/,0757,
谊泰雅苑,10800,谊泰雅苑_￥10800,https://gz.fang.lianjia.com/loupan/p_ytyyabhfz/,020,
绿地香颂公馆,15000,绿地香颂公馆_￥15000,https://gz.fang.lianjia.com/loupan/p_ldxsggabhgd/,0757,
佛山勤天汇,9000,佛山勤天汇_￥9000,https://gz.fang.lianjia.com/loupan/p_fsqthabhgx/,020,
泓信华府,6300,泓信华府_￥6300,https://gz.fang.lianjia.com/loupan/p_hxhfabhgg/,020,
南湖花园,8000,南湖花园_￥8000,https://gz.fang.lianjia.com/loupan/p_nhhyabhgp/,0757,
盈天广场,13000,盈天广场_￥13000,https://gz.fang.lianjia.com/loupan/p_ytgcabhfs/,0757,
丽日广场,6500,丽日广场_￥6500,https://gz.fang.lianjia.com/loupan/p_lrgcabhik/,020,
美的西海岸,8500,美的西海岸_￥8500,https://gz.fang.lianjia.com/loupan/p_mdxhaabhjs/,020,
山水龙盘,9000,山水龙盘_￥9000,https://gz.fang.lianjia.com/loupan/p_sslpabhhq/,0757,
宏宇天御江畔,19000,宏宇天御江畔_￥19000,https://gz.fang.lianjia.com/loupan/p_hytyjpabhkm/,0757,
明智雅苑,5500,明智雅苑_￥5500,https://gz.fang.lianjia.com/loupan/p_mzyyabhiv/,020,
融创望江府,14000,融创望江府_￥14000,https://gz.fang.lianjia.com/loupan/p_rcwjfabgzs/,0757,
万景豪园,7200,万景豪园_￥7200,https://gz.fang.lianjia.com/loupan/p_wjhyabhaf/,0757,
乐趣荟广场,20000,乐趣荟广场_￥20000,https://gz.fang.lianjia.com/loupan/p_lqhgcabhdp/,020,
欧浦花城,8000,欧浦花城_￥8000,https://gz.fang.lianjia.com/loupan/p_ophcyqabhdk/,020,
创鸿·千灯墅,31500,创鸿·千灯墅_￥31500,https://gz.fang.lianjia.com/loupan/p_chdsabhbh/,020,
雍翠新城,9000,雍翠新城_￥9000,https://gz.fang.lianjia.com/loupan/p_ycxcabhcn/,020,
万景豪园,7200,万景豪园_￥7200,https://gz.fang.lianjia.com/loupan/p_wjhyabhaf/,0757,
乐趣荟广场,20000,乐趣荟广场_￥20000,https://gz.fang.lianjia.com/loupan/p_lqhgcabhdp/,020,
欧浦花城,8000,欧浦花城_￥8000,https://gz.fang.lianjia.com/loupan/p_ophcyqabhdk/,020,
创鸿·千灯墅,31500,创鸿·千灯墅_￥31500,https://gz.fang.lianjia.com/loupan/p_chdsabhbh/,020,
雍翠新城,9000,雍翠新城_￥9000,https://gz.fang.lianjia.com/loupan/p_ycxcabhcn/,020,
碧桂园联丰天汇湾,10000,碧桂园联丰天汇湾_￥10000,https://gz.fang.lianjia.com/loupan/p_bgyfthwabhbu/,020,
朗宁郡,11000,朗宁郡_￥11000,https://gz.fang.lianjia.com/loupan/p_lnjabhlc/,0757,
华创商业广场,15000,华创商业广场_￥15000,https://gz.fang.lianjia.com/loupan/p_hcsygcabhnc/,0757,
新南达大厦,9800,新南达大厦_￥9800,https://gz.fang.lianjia.com/loupan/p_xnddsabhls/,0757,
福朋国际,13500,福朋国际_￥13500,https://gz.fang.lianjia.com/loupan/p_fpgjabhnw/,0757,
天马河公馆,16000,天马河公馆_￥16000,https://gz.fang.lianjia.com/loupan/p_tmhggabigl/,020,
丽日坚美森林湖,11000,丽日坚美森林湖_￥11000,https://gz.fang.lianjia.com/loupan/p_lrjmslhabiia/,0757,
雅居乐雅湖半岛,11000,雅居乐雅湖半岛_￥11000,https://gz.fang.lianjia.com/loupan/p_yjlyhbdabjqz/,020,
美的翰湖苑,11500,美的翰湖苑_￥11500,https://gz.fang.lianjia.com/loupan/p_mdhhyabjlc/,020,
文德先生,74000,文德先生_￥74000,https://gz.fang.lianjia.com/loupan/p_wdxsabjar/,020,
保利碧桂园天汇,17000,保利碧桂园天汇_￥17000,https://gz.fang.lianjia.com/loupan/p_blbgythabjux/,0757,
保利雲上,unsure,保利雲上_￥unsure,https://gz.fang.lianjia.com/loupan/p_blysabjtp/,0757,
欣荣宏御泉湾,10800,欣荣宏御泉湾_￥10800,https://gz.fang.lianjia.com/loupan/p_xrhyqwabjzx/,020,
保利诺丁山,22000,保利诺丁山_￥22000,https://gz.fang.lianjia.com/loupan/p_blndsabkmk/,0757,
罗村花半里,12000,罗村花半里_￥12000,https://gz.fang.lianjia.com/loupan/p_lchblabkoy/,0757,
元邦山清水秀,13000,元邦山清水秀_￥13000,https://gz.fang.lianjia.com/loupan/p_ybsqsxablgm/,020,
广州星河丹堤,unsure,广州星河丹堤_￥unsure,https://gz.fang.lianjia.com/loupan/p_gzxhddabltb/,020,
侨建御溪谷,23000,侨建御溪谷_￥23000,https://gz.fang.lianjia.com/loupan/p_qjyxgabmph/,020,
万科桃源里,13500,万科桃源里_￥13500,https://gz.fang.lianjia.com/loupan/p_wktylabnlf/,020,
好美嘉园好美华庭,unsure,好美嘉园好美华庭_￥unsure,https://gz.fang.lianjia.com/loupan/p_hmjyhmhtaaucl/,020,
新城市宜家,unsure,新城市宜家_￥unsure,https://gz.fang.lianjia.com/loupan/p_xcsyjaaukz/,020,
珠岛花园金湾明珠,unsure,珠岛花园金湾明珠_￥unsure,https://gz.fang.lianjia.com/loupan/p_zdhyjwmzaaupo/,020,
恒洲小苑,unsure,恒洲小苑_￥unsure,https://gz.fang.lianjia.com/loupan/p_hzxyaauuf/,020,
星力时代豪庭,unsure,星力时代豪庭_￥unsure,https://gz.fang.lianjia.com/loupan/p_xlsdhtaaudg/,020,
新景豪庭,unsure,新景豪庭_￥unsure,https://gz.fang.lianjia.com/loupan/p_xjhtaauje/,020,
芙蓉春晓,unsure,芙蓉春晓_￥unsure,https://gz.fang.lianjia.com/loupan/p_frcxaaqwu/,020,
祈福辉煌台,unsure,祈福辉煌台_￥unsure,https://gz.fang.lianjia.com/loupan/p_ysddqfhhtaaujr/,020,
中森茗苑,unsure,中森茗苑_￥unsure,https://gz.fang.lianjia.com/loupan/p_zsmyaauea/,020,
万科南方公元,unsure,万科南方公元_￥unsure,https://gz.fang.lianjia.com/loupan/p_wknfgyaausu/,020,
南沙金茂湾,unsure,南沙金茂湾_￥unsure,https://gz.fang.lianjia.com/loupan/p_nsjmwaazrb/,020,
山水庭苑,unsure,山水庭苑_￥unsure,https://gz.fang.lianjia.com/loupan/p_sstyaarfw/,020,
一品湖山,unsure,一品湖山_￥unsure,https://gz.fang.lianjia.com/loupan/p_yphsaaucs/,020,
时代天韵,unsure,时代天韵_￥unsure,https://gz.fang.lianjia.com/loupan/p_sdtyaavfk/,020,
尚东阳光雅苑,unsure,尚东阳光雅苑_￥unsure,https://gz.fang.lianjia.com/loupan/p_sdwjaaukw/,020,
颐和盛世,unsure,颐和盛世_￥unsure,https://gz.fang.lianjia.com/loupan/p_yhssaavdb/,020,
嘉汇城,unsure,嘉汇城_￥unsure,https://gz.fang.lianjia.com/loupan/p_jhcaauns/,020,
狮峰公馆,unsure,狮峰公馆_￥unsure,https://gz.fang.lianjia.com/loupan/p_sfggaaufc/,020,
景新国际,unsure,景新国际_￥unsure,https://gz.fang.lianjia.com/loupan/p_jxgjaatxm/,020,
恒展江山时代花园,unsure,恒展江山时代花园_￥unsure,https://gz.fang.lianjia.com/loupan/p_hzjssdhyaaudj/,020,
越秀三四里江,4000,越秀三四里江_￥4000,https://gz.fang.lianjia.com/loupan/p_yxssljaaukp/,020,
尚上名筑二期,unsure,尚上名筑二期_￥unsure,https://gz.fang.lianjia.com/loupan/p_ssmzeqaazxl/,020,
宏诚海峰花园,unsure,宏诚海峰花园_￥unsure,https://gz.fang.lianjia.com/loupan/p_hchfhyaauiy/,020,
花都凤凰御景,400,花都凤凰御景_￥400,https://gz.fang.lianjia.com/loupan/p_hdfhyjaazyr/,020,
怡康华府,unsure,怡康华府_￥unsure,https://gz.fang.lianjia.com/loupan/p_ykhfaaulh/,020,
悦尚公馆,unsure,悦尚公馆_￥unsure,https://gz.fang.lianjia.com/loupan/p_ysggaarfy/,020,
力诚凯怡湾,unsure,力诚凯怡湾_￥unsure,https://gz.fang.lianjia.com/loupan/p_lckywaaqpu/,020,
万科峯境,unsure,万科峯境_￥unsure,https://gz.fang.lianjia.com/loupan/p_wkfjaauqs/,020,
金海岸花园聚湖,unsure,金海岸花园聚湖_￥unsure,https://gz.fang.lianjia.com/loupan/p_jhahyjhaauom/,020,
仁安花园,unsure,仁安花园_￥unsure,https://gz.fang.lianjia.com/loupan/p_rahyaautd/,020,
尚品雅居,unsure,尚品雅居_￥unsure,https://gz.fang.lianjia.com/loupan/p_spyjaausy/,020,
水电广场,unsure,水电广场_￥unsure,https://gz.fang.lianjia.com/loupan/p_sdgcaauvl/,020,
珠江金茂府,unsure,珠江金茂府_￥unsure,https://gz.fang.lianjia.com/loupan/p_zjjmfaauvh/,020,
惠百氏广场,unsure,惠百氏广场_￥unsure,https://gz.fang.lianjia.com/loupan/p_jzhbsaausp/,020,
龙光棕榈水岸,unsure,龙光棕榈水岸_￥unsure,https://gz.fang.lianjia.com/loupan/p_lgzlsaaaudf/,020,
东方名都,unsure,东方名都_￥unsure,https://gz.fang.lianjia.com/loupan/p_dfmdaauaj/,020,
东港花园,unsure,东港花园_￥unsure,https://gz.fang.lianjia.com/loupan/p_dghyaatxu/,020,
御湖名邸,unsure,御湖名邸_￥unsure,https://gz.fang.lianjia.com/loupan/p_yhmdaaujf/,020,
凯旋新世界广粤尊府,unsure,凯旋新世界广粤尊府_￥unsure,https://gz.fang.lianjia.com/loupan/p_kxxsjgyzfaaumh/,020,
越秀滨海悦城,unsure,越秀滨海悦城_￥unsure,https://gz.fang.lianjia.com/loupan/p_yxbhycaaujb/,020,
富雅都市华庭,unsure,富雅都市华庭_￥unsure,https://gz.fang.lianjia.com/loupan/p_fydshtaaujd/,020,
望谷温泉小镇,unsure,望谷温泉小镇_￥unsure,https://gz.fang.lianjia.com/loupan/p_wgwqxzaaula/,020,
碧桂园豪进广场,unsure,碧桂园豪进广场_￥unsure,https://gz.fang.lianjia.com/loupan/p_bgyhjgcaaukr/,020,
名城御景绿洲,unsure,名城御景绿洲_￥unsure,https://gz.fang.lianjia.com/loupan/p_mcyjlzaaumm/,020,
南沙塞纳河畔,unsure,南沙塞纳河畔_￥unsure,https://gz.fang.lianjia.com/loupan/p_nssnhpaaulq/,020,
保利红馆,unsure,保利红馆_￥unsure,https://gz.fang.lianjia.com/loupan/p_blhgaaulp/,020,
望谷温泉小镇,unsure,望谷温泉小镇_￥unsure,https://gz.fang.lianjia.com/loupan/p_wgwqxzaaula/,020,
碧桂园豪进广场,unsure,碧桂园豪进广场_￥unsure,https://gz.fang.lianjia.com/loupan/p_bgyhjgcaaukr/,020,
名城御景绿洲,unsure,名城御景绿洲_￥unsure,https://gz.fang.lianjia.com/loupan/p_mcyjlzaaumm/,020,
南沙塞纳河畔,unsure,南沙塞纳河畔_￥unsure,https://gz.fang.lianjia.com/loupan/p_nssnhpaaulq/,020,
保利红馆,unsure,保利红馆_￥unsure,https://gz.fang.lianjia.com/loupan/p_blhgaaulp/,020,
祈福缤纷汇,unsure,祈福缤纷汇_￥unsure,https://gz.fang.lianjia.com/loupan/p_qfbfhaavrv/,020,
祈福万景峰祈福天龙苑,unsure,祈福万景峰祈福天龙苑_￥unsure,https://gz.fang.lianjia.com/loupan/p_qfwjfqftlyaavdo/,020,
昊龙花园北区,unsure,昊龙花园北区_￥unsure,https://gz.fang.lianjia.com/loupan/p_hlhybqaavjf/,020,
祈福黄金海岸一期,unsure,祈福黄金海岸一期_￥unsure,https://gz.fang.lianjia.com/loupan/p_qfhjhayqaavkn/,020,
丽江花园如英居,unsure,丽江花园如英居_￥unsure,https://gz.fang.lianjia.com/loupan/p_ljhyryjaauzo/,020,
清水蓝湾,unsure,清水蓝湾_￥unsure,https://gz.fang.lianjia.com/loupan/p_qslwaauxx/,020,
莱茵水岸,unsure,莱茵水岸_￥unsure,https://gz.fang.lianjia.com/loupan/p_lysaaauxw/,020,
华盛圆坊名荟,50,华盛圆坊名荟_￥50,https://gz.fang.lianjia.com/loupan/p_hsyfmhaaycm/,0757,
御江南,unsure,御江南_￥unsure,https://gz.fang.lianjia.com/loupan/p_yjnaaydy/,0757,
逸翠庄园,unsure,逸翠庄园_￥unsure,https://gz.fang.lianjia.com/loupan/p_yczyaazrz/,020,
广州亚运城,unsure,广州亚运城_￥unsure,https://gz.fang.lianjia.com/loupan/p_gzyycaazhi/,020,
庄士映蝶蓝湾二期,unsure,庄士映蝶蓝湾二期_￥unsure,https://gz.fang.lianjia.com/loupan/p_zsydlweqaaztw/,020,
万通国际,unsure,万通国际_￥unsure,https://gz.fang.lianjia.com/loupan/p_wtgjabajp/,0757,
自由人花园,unsure,自由人花园_￥unsure,https://gz.fang.lianjia.com/loupan/p_zyrhyabbrq/,020,
万荟玖珑,unsure,万荟玖珑_￥unsure,https://gz.fang.lianjia.com/loupan/p_whjlabbmt/,020,
领地海纳珑庭,unsure,领地海纳珑庭_￥unsure,https://gz.fang.lianjia.com/loupan/p_ldhnltabcxz/,0757,
万科金域花园,unsure,万科金域花园_￥unsure,https://gz.fang.lianjia.com/loupan/p_wkjyzyeqyhyabcud/,020,
融创湖滨世家,unsure,融创湖滨世家_￥unsure,https://gz.fang.lianjia.com/loupan/p_rchbsjabctd/,0757,
峰湖御境,919,峰湖御境_￥919,https://gz.fang.lianjia.com/loupan/p_fhyjabctg/,020,
万科金域滨江,unsure,万科金域滨江_￥unsure,https://gz.fang.lianjia.com/loupan/p_wkjybjabcsj/,0757,
骏景君临名邸,unsure,骏景君临名邸_￥unsure,https://gz.fang.lianjia.com/loupan/p_jjjlmdabcqz/,0757,
碧桂园天玺湾,unsure,碧桂园天玺湾_￥unsure,https://gz.fang.lianjia.com/loupan/p_bgytxwabcrb/,020,
江山一品,unsure,江山一品_￥unsure,https://gz.fang.lianjia.com/loupan/p_jsypabcjd/,020,
美的新都荟广场,unsure,美的新都荟广场_￥unsure,https://gz.fang.lianjia.com/loupan/p_mdxdhgcabcjk/,0757,
樵岭国际商业中心,unsure,樵岭国际商业中心_￥unsure,https://gz.fang.lianjia.com/loupan/p_qlgjsyzxabcmt/,020,
林上湾,unsure,林上湾_￥unsure,https://gz.fang.lianjia.com/loupan/p_lswabcdt/,0757,
颐澳花园,unsure,颐澳花园_￥unsure,https://gz.fang.lianjia.com/loupan/p_yahyabcuy/,0757,
顺德绿地中心,unsure,顺德绿地中心_￥unsure,https://gz.fang.lianjia.com/loupan/p_sdldzxabcun/,0757,
富丰君御,unsure,富丰君御_￥unsure,https://gz.fang.lianjia.com/loupan/p_ffjyabdbr/,020,
童梦天下,unsure,童梦天下_￥unsure,https://gz.fang.lianjia.com/loupan/p_tmtxabdcl/,0757,
碧桂园豪进左岸,unsure,碧桂园豪进左岸_￥unsure,https://gz.fang.lianjia.com/loupan/p_bgyhjzaabeem/,020,
绿地越秀海玥,unsure,绿地越秀海玥_￥unsure,https://gz.fang.lianjia.com/loupan/p_ldyxhyabduf/,020,
中铁国际公馆,unsure,中铁国际公馆_￥unsure,https://gz.fang.lianjia.com/loupan/p_ztgjggabdfv/,0757,
招商臻园,unsure,招商臻园_￥unsure,https://gz.fang.lianjia.com/loupan/p_zszyabdin/,0757,
望谷温泉小镇,unsure,望谷温泉小镇_￥unsure,https://gz.fang.lianjia.com/loupan/p_wgwqxzabdju/,020,
珠光流溪御景,unsure,珠光流溪御景_￥unsure,https://gz.fang.lianjia.com/loupan/p_zglxyjabdig/,020,
时代康桥,unsure,时代康桥_￥unsure,https://gz.fang.lianjia.com/loupan/p_sdkqabfby/,020,
东逸湾,unsure,东逸湾_￥unsure,https://gz.fang.lianjia.com/loupan/p_dywabfge/,0757,
中海万锦熙岸,unsure,中海万锦熙岸_￥unsure,https://gz.fang.lianjia.com/loupan/p_zhwjxaabfgc/,020,
盛南新都,unsure,盛南新都_￥unsure,https://gz.fang.lianjia.com/loupan/p_snxdabfid/,0757,
罗村风度广场,unsure,罗村风度广场_￥unsure,https://gz.fang.lianjia.com/loupan/p_lcfdgcabfie/,020,
恒福丽铂公馆,unsure,恒福丽铂公馆_￥unsure,https://gz.fang.lianjia.com/loupan/p_hflbggabfgk/,020,
佛山万科广场,unsure,佛山万科广场_￥unsure,https://gz.fang.lianjia.com/loupan/p_fswkgcabfgq/,0757,
丽湖名轩,unsure,丽湖名轩_￥unsure,https://gz.fang.lianjia.com/loupan/p_lhmxabfgw/,020,
保利中央公馆,unsure,保利中央公馆_￥unsure,https://gz.fang.lianjia.com/loupan/p_blzyggabfgv/,020,
灯湖领秀,unsure,灯湖领秀_￥unsure,https://gz.fang.lianjia.com/loupan/p_dhlxabfkm/,020,
西山上筑,unsure,西山上筑_￥unsure,https://gz.fang.lianjia.com/loupan/p_xsszabfja/,0757,
恒福国际商业中心,unsure,恒福国际商业中心_￥unsure,https://gz.fang.lianjia.com/loupan/p_hfgjsyzxabfik/,0757,
沙面新城,unsure,沙面新城_￥unsure,https://gz.fang.lianjia.com/loupan/p_smxcabfio/,0757,
华福御水岸,unsure,华福御水岸_￥unsure,https://gz.fang.lianjia.com/loupan/p_hfysaabfjj/,020,
力迅城筑,unsure,力迅城筑_￥unsure,https://gz.fang.lianjia.com/loupan/p_lxczqabfiz/,020,
万科水晶城,unsure,万科水晶城_￥unsure,https://gz.fang.lianjia.com/loupan/p_wksjcabfix/,0757,
新世界名门天下,unsure,新世界名门天下_￥unsure,https://gz.fang.lianjia.com/loupan/p_xsjmmtxabfms/,0757,
万科缤纷四季花园,unsure,万科缤纷四季花园_￥unsure,https://gz.fang.lianjia.com/loupan/p_wkbfsjhyabftm/,0757,
时代倾城,unsure,时代倾城_￥unsure,https://gz.fang.lianjia.com/loupan/p_sdqcabfuw/,020,
白天鹅花园,unsure,白天鹅花园_￥unsure,https://gz.fang.lianjia.com/loupan/p_btehyabfti/,020,
凯旋名门花园,unsure,凯旋名门花园_￥unsure,https://gz.fang.lianjia.com/loupan/p_kxmmhyabgab/,0757,
翠林豪庭,unsure,翠林豪庭_￥unsure,https://gz.fang.lianjia.com/loupan/p_clhtabfzz/,020,
深基天海城市花园,unsure,深基天海城市花园_￥unsure,https://gz.fang.lianjia.com/loupan/p_sjthcshyabgay/,020,
万科城东花园,unsure,万科城东花园_￥unsure,https://gz.fang.lianjia.com/loupan/p_wkjyzyyqyhyabgdg/,020,
岭南天地东华轩一期,unsure,岭南天地东华轩一期_￥unsure,https://gz.fang.lianjia.com/loupan/p_lntddhxyqabfzn/,0757,
翠堤明珠,unsure,翠堤明珠_￥unsure,https://gz.fang.lianjia.com/loupan/p_cdmzabfzm/,0757,
金莎华府,unsure,金莎华府_￥unsure,https://gz.fang.lianjia.com/loupan/p_jshfabgau/,0757,
荟珑湾,unsure,荟珑湾_￥unsure,https://gz.fang.lianjia.com/loupan/p_hlwabgav/,0757,
东方锦华里,unsure,东方锦华里_￥unsure,https://gz.fang.lianjia.com/loupan/p_dfjhlabfzi/,0757,
万科金域花园,unsure,万科金域花园_￥unsure,https://gz.fang.lianjia.com/loupan/p_wkjyzyeqyhyabgde/,020,
岭南天地御苑,unsure,岭南天地御苑_￥unsure,https://gz.fang.lianjia.com/loupan/p_lntdyyabgag/,0757,
腾大时代广场,unsure,腾大时代广场_￥unsure,https://gz.fang.lianjia.com/loupan/p_tdsdgcabgar/,0757,
保利西雅图,unsure,保利西雅图_￥unsure,https://gz.fang.lianjia.com/loupan/p_blxytabfzv/,020,
三江盛汇,unsure,三江盛汇_￥unsure,https://gz.fang.lianjia.com/loupan/p_sjshabghb/,020,
海逸锦绣蓝湾,unsure,海逸锦绣蓝湾_￥unsure,https://gz.fang.lianjia.com/loupan/p_hyjxlwabfxy/,020,
天御盈品,unsure,天御盈品_￥unsure,https://gz.fang.lianjia.com/loupan/p_tyypgjyyqabfwf/,0757,
明汇苑,unsure,明汇苑_￥unsure,https://gz.fang.lianjia.com/loupan/p_mhyabfwa/,0757,
i立方云谷,unsure,i立方云谷_￥unsure,https://gz.fang.lianjia.com/loupan/p_ilfygabfyt/,0757,
佛山雅居乐花园8号1区,unsure,佛山雅居乐花园8号1区_￥unsure,https://gz.fang.lianjia.com/loupan/p_fsyjlhyabfwy/,0757,
海逸·锦绣公馆,unsure,海逸·锦绣公馆_￥unsure,https://gz.fang.lianjia.com/loupan/p_hyxggabfyj/,020,
荔湾新城欣悦湾,unsure,荔湾新城欣悦湾_￥unsure,https://gz.fang.lianjia.com/loupan/p_lwxcxywabfqu/,020,
万达广场,unsure,万达广场_￥unsure,https://gz.fang.lianjia.com/loupan/p_wdgcabhqm/,0757,
莱福水岸城邦,unsure,莱福水岸城邦_￥unsure,https://gz.fang.lianjia.com/loupan/p_lfsacbabhqy/,020,
中鼎君和名城,unsure,中鼎君和名城_￥unsure,https://gz.fang.lianjia.com/loupan/p_zdjhmcabikb/,020,
万科新城湾畔,unsure,万科新城湾畔_￥unsure,https://gz.fang.lianjia.com/loupan/p_wkxcwpabhju/,0757,
龙湖首开天宸原著,1350,龙湖首开天宸原著_￥1350,https://gz.fang.lianjia.com/loupan/p_lhsktcyzabhix/,020,
恒大御湖郡,unsure,恒大御湖郡_￥unsure,https://gz.fang.lianjia.com/loupan/p_hdyhjabhae/,020,
颐澳湾,unsure,颐澳湾_￥unsure,https://gz.fang.lianjia.com/loupan/p_yawabhby/,020,
雅居乐新城湾畔,unsure,雅居乐新城湾畔_￥unsure,https://gz.fang.lianjia.com/loupan/p_yjlxcwpabhlf/,0757,
佛山万科城,unsure,佛山万科城_￥unsure,https://gz.fang.lianjia.com/loupan/p_fswkcabhxy/,0757,
时代柏林,unsure,时代柏林_￥unsure,https://gz.fang.lianjia.com/loupan/p_sdblabjoy/,020,
锦林山庄,unsure,锦林山庄_￥unsure,https://gz.fang.lianjia.com/loupan/p_jlszabjad/,020,
合和新城,unsure,合和新城_￥unsure,https://gz.fang.lianjia.com/loupan/p_hhxcabkno/,020,
方圆泉溪月岛,unsure,方圆泉溪月岛_￥unsure,https://gz.fang.lianjia.com/loupan/p_fyqxydabknn/,020,
中交蓝色海湾,unsure,中交蓝色海湾_￥unsure,https://gz.fang.lianjia.com/loupan/p_zjlshwabmhj/,020,
碧桂园琥珀湾,unsure,碧桂园琥珀湾_￥unsure,https://gz.fang.lianjia.com/loupan/p_bgyhpwabllg/,020,
万科白鹭郡,unsure,万科白鹭郡_￥unsure,https://gz.fang.lianjia.com/loupan/p_wkbljabmzt/,020,
