越秀保利爱特城,25000,越秀保利爱特城:_￥25000元/平,https://gz.fang.lianjia.com/loupan/p_yxblatcaauit/,020,
实地常春藤,23000,实地常春藤:_￥23000元/平,https://gz.fang.lianjia.com/loupan/p_sdcctaaupe/,020,
万科幸福誉,19000,万科幸福誉:_￥19000元/平,https://gz.fang.lianjia.com/loupan/p_wkxfyaaugv/,020,
雅居乐海珠小雅,52000,雅居乐海珠小雅:_￥52000元/平,https://gz.fang.lianjia.com/loupan/p_yjlhzxyabfbz/,020,
容桂碧桂园凤凰湾,16000,容桂碧桂园凤凰湾:_￥16000元/平,https://gz.fang.lianjia.com/loupan/p_rgbgyhwabeva/,0757,
绿地丽雅香榭花苑,13000,绿地丽雅香榭花苑:_￥13000元/平,https://gz.fang.lianjia.com/loupan/p_ldlyxxhyabhbd/,0757,
万科又一城,15000,万科又一城:_￥15000元/平,https://gz.fang.lianjia.com/loupan/p_wkyycabjmv/,0757,
中海新城公馆,16500,中海新城公馆:_￥16500元/平,https://gz.fang.lianjia.com/loupan/p_zhxcggabmuh/,0757,
佳兆业壹号,65000,佳兆业壹号:_￥65000元/平,https://gz.fang.lianjia.com/loupan/p_jzyyhabfip/,020,
江源半岛花园,70000,江源半岛花园:_￥70000元/平,https://gz.fang.lianjia.com/loupan/p_jybdhyaauqp/,020,
银钻广场,17500,银钻广场:_￥17500元/平,https://gz.fang.lianjia.com/loupan/p_yzgcabnaa/,0757,
金湾豪庭,10500,金湾豪庭:_￥10500元/平,https://gz.fang.lianjia.com/loupan/p_jwhtabmzs/,0757,
绿地珑玥府,21000,绿地珑玥府:_￥21000元/平,https://gz.fang.lianjia.com/loupan/p_ldlyfabnda/,020,
汇金中心,45000,汇金中心:_￥45000元/平,https://gz.fang.lianjia.com/loupan/p_hjzxabmyg/,020,
依山小筑,20000,依山小筑:_￥20000元/平,https://gz.fang.lianjia.com/loupan/p_ysxzabnee/,020,
智慧新城,13000,智慧新城:_￥13000元/平,https://gz.fang.lianjia.com/loupan/p_zhxcabnlb/,0757,
宝峰春天,11000,宝峰春天:_￥11000元/平,https://gz.fang.lianjia.com/loupan/p_bfctaavjj/,020,
保利星海小镇,33000,保利星海小镇:_￥33000元/平,https://gz.fang.lianjia.com/loupan/p_blxhxzabchz/,020,
琶洲壹號,7700,琶洲壹號:_￥7700万/套,https://gz.fang.lianjia.com/loupan/p_pzyhaaumv/,020,
融创臻园,16500,融创臻园:_￥16500元/平,https://gz.fang.lianjia.com/loupan/p_rczyabnlt/,0757,
轩逸荟,12000,轩逸荟:_￥12000元/平,https://gz.fang.lianjia.com/loupan/p_xyhaaubj/,020,
奥园·观湖尚居,13000,奥园·观湖尚居:_￥13000元/平,https://gz.fang.lianjia.com/loupan/p_ayhsjabevh/,0757,
麓湖轩,unknown,麓湖轩:_￥unknown价格待定,https://gz.fang.lianjia.com/loupan/p_lhxaauuk/,020,
枫桦雅居,8500,枫桦雅居:_￥8500元/平,https://gz.fang.lianjia.com/loupan/p_fhyjabnjw/,020,
南沙万地雅涛阁,13000,南沙万地雅涛阁:_￥13000元/平,https://gz.fang.lianjia.com/loupan/p_nswdytgaaugw/,020,
大宏锦绣,21000,大宏锦绣:_￥21000元/平,https://gz.fang.lianjia.com/loupan/p_dhjxabmzo/,020,
豪利幸福里,12000,豪利幸福里:_￥12000元/平,https://gz.fang.lianjia.com/loupan/p_hlxflaaujl/,020,
大洋江畔雅苑,unknown,大洋江畔雅苑:_￥unknown价格待定,https://gz.fang.lianjia.com/loupan/p_dyjpyyaazlq/,020,
佳滨苑,unknown,佳滨苑:_￥unknown价格待定,https://gz.fang.lianjia.com/loupan/p_jbyaaulb/,020,
怡翠晋盛御园,17000,怡翠晋盛御园:_￥17000元/平,https://gz.fang.lianjia.com/loupan/p_ycjsyyabnnt/,0757,
越秀滨海御城,25000,越秀滨海御城:_￥25000元/平,https://gz.fang.lianjia.com/loupan/p_yxbhycaaubi/,020,
增城方圆云山诗意,20000,增城方圆云山诗意:_￥20000元/平,https://gz.fang.lianjia.com/loupan/p_zcfyyssyaauku/,020,
观景豪园,8300,观景豪园:_￥8300元/平,https://gz.fang.lianjia.com/loupan/p_gjhyabmzk/,020,
葛洲坝保利曼城,45000,葛洲坝保利曼城:_￥45000元/平,https://gz.fang.lianjia.com/loupan/p_gzbblmcaaupb/,020,
悦万城,unknown,悦万城:_￥unknown价格待定,https://gz.fang.lianjia.com/loupan/p_ywcaayqz/,020,
鸿业畔湖居,unknown,鸿业畔湖居:_￥unknown价格待定,https://gz.fang.lianjia.com/loupan/p_hyphjabcdq/,0757,
金茂公馆,12000,金茂公馆:_￥12000元/平,https://gz.fang.lianjia.com/loupan/p_jmggabnlw/,020,
侨建Hi·City,47000,侨建Hi·City:_￥47000元/平,https://gz.fang.lianjia.com/loupan/p_qjhabnqf/,020,
凯德新玥,13500,凯德新玥:_￥13500元/平,https://gz.fang.lianjia.com/loupan/p_kdxyaaqwe/,020,
馨晴轩,47500,馨晴轩:_￥47500元/平,https://gz.fang.lianjia.com/loupan/p_xqxaaujn/,020,
保利学府里,43000,保利学府里:_￥43000元/平,https://gz.fang.lianjia.com/loupan/p_blxflaaudw/,020,
碧桂园海湾1号,23000,碧桂园海湾1号:_￥23000元/平,https://gz.fang.lianjia.com/loupan/p_bgyhwaaupn/,020,
宝翠园,57000,宝翠园:_￥57000元/平,https://gz.fang.lianjia.com/loupan/p_bcyaaugn/,020,
珠水豪庭,29000,珠水豪庭:_￥29000元/平,https://gz.fang.lianjia.com/loupan/p_zshtabdbx/,020,
时代南湾,15000,时代南湾:_￥15000元/平,https://gz.fang.lianjia.com/loupan/p_sdnwaazxj/,020,
东海嘉园,80000,东海嘉园:_￥80000元/平,https://gz.fang.lianjia.com/loupan/p_dhjyaauxy/,020,
保利珑门,unknown,保利珑门:_￥unknown价格待定,https://gz.fang.lianjia.com/loupan/p_bllmabbnh/,020,
金时花园,unknown,金时花园:_￥unknown价格待定,https://gz.fang.lianjia.com/loupan/p_jshyabbub/,020,
保利葉公馆,unknown,保利葉公馆:_￥unknown价格待定,https://gz.fang.lianjia.com/loupan/p_blyggabeqk/,0757,
恒福新里程,unknown,恒福新里程:_￥unknown价格待定,https://gz.fang.lianjia.com/loupan/p_hfxlcabewr/,020,
保利天悦叁悦广场,45000,保利天悦叁悦广场:_￥45000元/平,https://gz.fang.lianjia.com/loupan/p_bltysygcabnqh/,020,
珠光新城御景,90000,珠光新城御景:_￥90000元/平,https://gz.fang.lianjia.com/loupan/p_zgxcyjaazze/,020,
合汇学府名郡,27000,合汇学府名郡:_￥27000元/平,https://gz.fang.lianjia.com/loupan/p_xfmjaausx/,020,
海伦堡爱Park,18000,海伦堡爱Park:_￥18000元/平,https://gz.fang.lianjia.com/loupan/p_hlbapabmsf/,020,
天健上城,40000,天健上城:_￥40000元/平,https://gz.fang.lianjia.com/loupan/p_tjscaauip/,020,
佳兆业天御,61000,佳兆业天御:_￥61000元/平,https://gz.fang.lianjia.com/loupan/p_jzytyaaupf/,020,
汇东国际花园,23000,汇东国际花园:_￥23000元/平,https://gz.fang.lianjia.com/loupan/p_hdgjhyaaulf/,020,
龙津世家,45000,龙津世家:_￥45000元/平,https://gz.fang.lianjia.com/loupan/p_ljsjaauua/,020,
碧桂园·翡翠湾,8500,碧桂园·翡翠湾:_￥8500元/平,https://gz.fang.lianjia.com/loupan/p_bgycwabfub/,0757,
天河金茂广场,60000,天河金茂广场:_￥60000元/平,https://gz.fang.lianjia.com/loupan/p_thjmgcabfbh/,020,
广州华发四季,58000,广州华发四季:_￥58000元/平,https://gz.fang.lianjia.com/loupan/p_gzhfsjaausq/,020,
宏润天睿,9300,宏润天睿:_￥9300元/平,https://gz.fang.lianjia.com/loupan/p_hrtraaugt/,020,
佳兆业滨江一号,unknown,佳兆业滨江一号:_￥unknown价格待定,https://gz.fang.lianjia.com/loupan/p_jzybjyhabcxj/,0757,
世爵府邸,unknown,世爵府邸:_￥unknown价格待定,https://gz.fang.lianjia.com/loupan/p_sjfdabdbs/,020,
花城金沙汇,40000,花城金沙汇:_￥40000元/平,https://gz.fang.lianjia.com/loupan/p_hcjshabmic/,020,
美的联诚智汇家,unknown,美的联诚智汇家:_￥unknown价格待定,https://gz.fang.lianjia.com/loupan/p_zbhyabgwe/,020,
新世界天逸,unknown,新世界天逸:_￥unknown价格待定,https://gz.fang.lianjia.com/loupan/p_xsjtyabkhg/,020,
富基广场,39000,富基广场:_￥39000元/平,https://gz.fang.lianjia.com/loupan/p_fjgcaauey/,020,
南沙翡翠公馆,15000,南沙翡翠公馆:_￥15000元/平,https://gz.fang.lianjia.com/loupan/p_nsfcggaauxs/,020,
金茂绿岛湖,17500,金茂绿岛湖:_￥17500元/平,https://gz.fang.lianjia.com/loupan/p_jmldhabmrz/,0757,
碧桂园曼哈顿,19000,碧桂园曼哈顿:_￥19000元/平,https://gz.fang.lianjia.com/loupan/p_bgymhdabmrl/,0757,
竹雅苑,36000,竹雅苑:_￥36000元/平,https://gz.fang.lianjia.com/loupan/p_zyyaautc/,020,
中盈一海里,9000,中盈一海里:_￥9000元/平,https://gz.fang.lianjia.com/loupan/p_zyyhlaarak/,020,
友田碧云轩,5800,友田碧云轩:_￥5800元/平,https://gz.fang.lianjia.com/loupan/p_ytbyxaaugu/,020,
锦尚蓬莱苑,18000,锦尚蓬莱苑:_￥18000元/平,https://gz.fang.lianjia.com/loupan/p_jsplyaatxs/,020,
新世界凯粤湾,43800,新世界凯粤湾:_￥43800元/平,https://gz.fang.lianjia.com/loupan/p_xsjkywaatyj/,020,
南沙裕豪轩,20000,南沙裕豪轩:_￥20000元/平,https://gz.fang.lianjia.com/loupan/p_nsyhxaauyd/,020,
创基丽江国际,18500,创基丽江国际:_￥18500元/平,https://gz.fang.lianjia.com/loupan/p_cjljgjaaupl/,020,
奥园公园一号,unknown,奥园公园一号:_￥unknown价格待定,https://gz.fang.lianjia.com/loupan/p_aygyyhabcqm/,0757,
凯德新玥,25000,凯德新玥:_￥25000元/平,https://gz.fang.lianjia.com/loupan/p_kdxyabmiw/,020,
富力天海湾,33000,富力天海湾:_￥33000元/平,https://gz.fang.lianjia.com/loupan/p_flthwablgo/,020,
新世界云逸,unknown,新世界云逸:_￥unknown价格待定,https://gz.fang.lianjia.com/loupan/p_xsjyyabkyl/,020,
佳兆业天墅,unknown,佳兆业天墅:_￥unknown价格待定,https://gz.fang.lianjia.com/loupan/p_jzytsabmbu/,020,
新鸿基御华园,15000,新鸿基御华园:_￥15000元/平,https://gz.fang.lianjia.com/loupan/p_xhjyhyaauei/,020,
金融街融穗御府,28000,金融街融穗御府:_￥28000元/平,https://gz.fang.lianjia.com/loupan/p_jrjrsyfaaupi/,020,
越先生的街,30000,越先生的街:_￥30000元/平,https://gz.fang.lianjia.com/loupan/p_yxsdjabmhx/,020,
晴海岸,24000,晴海岸:_￥24000元/平,https://gz.fang.lianjia.com/loupan/p_qhaabmhw/,020,
美悦湾,21000,美悦湾:_￥21000元/平,https://gz.fang.lianjia.com/loupan/p_mywaatxg/,020,
富丽居,32000,富丽居:_￥32000元/平,https://gz.fang.lianjia.com/loupan/p_fljaauno/,020,
乐天峰公馆,22000,乐天峰公馆:_￥22000元/平,https://gz.fang.lianjia.com/loupan/p_ltfggaaulk/,020,
合汇·中央广场,28000,合汇·中央广场:_￥28000元/平,https://gz.fang.lianjia.com/loupan/p_hhygcaauoc/,020,
东方锦华里,unknown,东方锦华里:_￥unknown价格待定,https://gz.fang.lianjia.com/loupan/p_dfjhlabfzi/,0757,
三水保利中央公园,12000,三水保利中央公园:_￥12000元/平,https://gz.fang.lianjia.com/loupan/p_ssblzygyabliv/,0757,
美的明湖,11000,美的明湖:_￥11000元/平,https://gz.fang.lianjia.com/loupan/p_mdhabliz/,0757,
万科桃源里,240,万科桃源里:_￥240万/套,https://gz.fang.lianjia.com/loupan/p_wktylabnlh/,020,
乐平碧桂园,unknown,乐平碧桂园:_￥unknown价格待定,https://gz.fang.lianjia.com/loupan/p_lpbgyabnkr/,0757,
广晟圣淘沙,18000,广晟圣淘沙:_￥18000元/平,https://gz.fang.lianjia.com/loupan/p_gcstsaaued/,020,
碧桂园蜜柚,20000,碧桂园蜜柚:_￥20000元/平,https://gz.fang.lianjia.com/loupan/p_bgymyaazxq/,020,
云星钱隆御景,7900,云星钱隆御景:_￥7900元/平,https://gz.fang.lianjia.com/loupan/p_yxqlyjabmgw/,020,
碧桂园蜜柚,20000,碧桂园蜜柚:_￥20000元/平,https://gz.fang.lianjia.com/loupan/p_bgymyabmhk/,020,
翠荷轩,30000,翠荷轩:_￥30000元/平,https://gz.fang.lianjia.com/loupan/p_chxszlaauee/,020,
中怡新天地,18000,中怡新天地:_￥18000元/平,https://gz.fang.lianjia.com/loupan/p_zytdabhtp/,0757,
万科云,22000,万科云:_￥22000元/平,https://gz.fang.lianjia.com/loupan/p_wkyabkyy/,020,
万科金域花园,unknown,万科金域花园:_￥unknown价格待定,https://gz.fang.lianjia.com/loupan/p_wkjyzyeqyhyabgde/,020,
海逸·锦绣公馆,unknown,海逸·锦绣公馆:_￥unknown价格待定,https://gz.fang.lianjia.com/loupan/p_hyxggabfyj/,020,
越先生的街,30000,越先生的街:_￥30000元/平,https://gz.fang.lianjia.com/loupan/p_yxsdjabmhx/,020,
云溪四季,18000,云溪四季:_￥18000元/平,https://gz.fang.lianjia.com/loupan/p_yxsjablvg/,020,
万科新城湾畔,unknown,万科新城湾畔:_￥unknown价格待定,https://gz.fang.lianjia.com/loupan/p_wkxcwpabhju/,0757,
颐和盛世,788,颐和盛世:_￥788万/套,https://gz.fang.lianjia.com/loupan/p_yhssabdic/,020,
雅居蓝湾,8300,雅居蓝湾:_￥8300元/平,https://gz.fang.lianjia.com/loupan/p_yjlwabkvj/,0757,
君荟名轩,38000,君荟名轩:_￥38000元/平,https://gz.fang.lianjia.com/loupan/p_jhmxaaufn/,020,
碧桂园海湾1号,25000,碧桂园海湾1号:_￥25000元/平,https://gz.fang.lianjia.com/loupan/p_bgyhwabmhi/,020,
云溪四季,18000,云溪四季:_￥18000元/平,https://gz.fang.lianjia.com/loupan/p_yxsjablvg/,020,
美的壹号公馆,25000,美的壹号公馆:_￥25000元/平,https://gz.fang.lianjia.com/loupan/p_mdyhggabhrg/,0757,
中海凤凰熙岸,18000,中海凤凰熙岸:_￥18000元/平,https://gz.fang.lianjia.com/loupan/p_zhfhxaabhrf/,0757,
碧桂园云麓半山,27000,碧桂园云麓半山:_￥27000元/平,https://gz.fang.lianjia.com/loupan/p_bgyylbsabkwz/,020,
富力金街28,65000,富力金街28:_￥65000元/平,https://gz.fang.lianjia.com/loupan/p_fljjabkxu/,020,
腾大时代广场,unknown,腾大时代广场:_￥unknown价格待定,https://gz.fang.lianjia.com/loupan/p_tdsdgcabgar/,0757,
白天鹅花园,unknown,白天鹅花园:_￥unknown价格待定,https://gz.fang.lianjia.com/loupan/p_btehyabfti/,020,
中旅山湖中央,8200,中旅山湖中央:_￥8200元/平,https://gz.fang.lianjia.com/loupan/p_zlshzyabltz/,0757,
金钻商贸公寓,14500,金钻商贸公寓:_￥14500元/平,https://gz.fang.lianjia.com/loupan/p_jzsmgyablai/,0757,
龙湖首开天宸原著,1350,龙湖首开天宸原著:_￥1350万/套,https://gz.fang.lianjia.com/loupan/p_lhsktcyzabhix/,020,
莱福水岸城邦,unknown,莱福水岸城邦:_￥unknown价格待定,https://gz.fang.lianjia.com/loupan/p_lfsacbabhqy/,020,
旭辉公元,17000,旭辉公元:_￥17000元/平,https://gz.fang.lianjia.com/loupan/p_xhgyabjwh/,0757,
绿地璀璨天城,19000,绿地璀璨天城:_￥19000元/平,https://gz.fang.lianjia.com/loupan/p_ldcctcabjwm/,0757,
碧桂园凤凰城半山一号院,26000,碧桂园凤凰城半山一号院:_￥26000元/平,https://gz.fang.lianjia.com/loupan/p_bgyfhcbsyhyabhuo/,020,
中旅山湖中央,8200,中旅山湖中央:_￥8200元/平,https://gz.fang.lianjia.com/loupan/p_zlshzyabltz/,0757,
恒大御湖湾,12500,恒大御湖湾:_￥12500元/平,https://gz.fang.lianjia.com/loupan/p_hdyhwabhrn/,0757,
广佛智城国际电商采购中心,8500,广佛智城国际电商采购中心:_￥8500元/平,https://gz.fang.lianjia.com/loupan/p_gfzcgjdscgzxabhrm/,020,
合景天銮,26000,合景天銮:_￥26000元/平,https://gz.fang.lianjia.com/loupan/p_hjtlablxj/,0757,
敏捷华南金谷,14500,敏捷华南金谷:_￥14500元/平,https://gz.fang.lianjia.com/loupan/p_mjhnjgablvu/,0757,
万科缤纷四季花园,unknown,万科缤纷四季花园:_￥unknown价格待定,https://gz.fang.lianjia.com/loupan/p_wkbfsjhyabftm/,0757,
中鼎君和名城,unknown,中鼎君和名城:_￥unknown价格待定,https://gz.fang.lianjia.com/loupan/p_zdjhmcabikb/,020,
三水冠军城,12000,三水冠军城:_￥12000元/平,https://gz.fang.lianjia.com/loupan/p_ssgjcablet/,020,
万达广场,unknown,万达广场:_￥unknown价格待定,https://gz.fang.lianjia.com/loupan/p_wdgcabhqm/,0757,
雅居乐新城湾畔,unknown,雅居乐新城湾畔:_￥unknown价格待定,https://gz.fang.lianjia.com/loupan/p_yjlxcwpabhlf/,0757,
翠林豪庭,unknown,翠林豪庭:_￥unknown价格待定,https://gz.fang.lianjia.com/loupan/p_clhtabfzz/,020,
金融街融御,60000,金融街融御:_￥60000元/平,https://gz.fang.lianjia.com/loupan/p_jrjryabjub/,020,
力合科技园,7000,力合科技园:_￥7000元/平,https://gz.fang.lianjia.com/loupan/p_lhkjyabjwy/,020,
康格斯花园橡树湾,14000,康格斯花园橡树湾:_￥14000元/平,https://gz.fang.lianjia.com/loupan/p_kgsxswabhxe/,0757,
富力国际金融中心,20000,富力国际金融中心:_￥20000元/平,https://gz.fang.lianjia.com/loupan/p_flgjjrzxabhge/,020,
君御海城,9600,君御海城:_￥9600元/平,https://gz.fang.lianjia.com/loupan/p_jyhcabhqq/,020,
碧桂园钻石湾,17000,碧桂园钻石湾:_￥17000元/平,https://gz.fang.lianjia.com/loupan/p_bgyzswabhqc/,0757,
港航华庭,48000,港航华庭:_￥48000元/平,https://gz.fang.lianjia.com/loupan/p_jgddghhtabman/,020,
晴海岸,24000,晴海岸:_￥24000元/平,https://gz.fang.lianjia.com/loupan/p_qhaabmhw/,020,
恒大御湖郡,unknown,恒大御湖郡:_￥unknown价格待定,https://gz.fang.lianjia.com/loupan/p_hdyhjabhae/,020,
碧桂园岭南盛世,unknown,碧桂园岭南盛世:_￥unknown价格待定,https://gz.fang.lianjia.com/loupan/p_bgynssabhch/,0757,
佛山万科城,unknown,佛山万科城:_￥unknown价格待定,https://gz.fang.lianjia.com/loupan/p_fswkcabhxy/,0757,
锦林山庄,unknown,锦林山庄:_￥unknown价格待定,https://gz.fang.lianjia.com/loupan/p_jlszabjad/,020,
岭南天地御苑,unknown,岭南天地御苑:_￥unknown价格待定,https://gz.fang.lianjia.com/loupan/p_lntdyyabgag/,0757,
保利西雅图,unknown,保利西雅图:_￥unknown价格待定,https://gz.fang.lianjia.com/loupan/p_blxytabfzv/,020,
祈福南湾半岛,11000,祈福南湾半岛:_￥11000元/平,https://gz.fang.lianjia.com/loupan/p_qfnwbdabjve/,0757,
三水万达广场,8500,三水万达广场:_￥8500元/平,https://gz.fang.lianjia.com/loupan/p_sswdgcabjti/,020,
珠光流溪御景,unknown,珠光流溪御景:_￥unknown价格待定,https://gz.fang.lianjia.com/loupan/p_zglxyjabdig/,020,
华福御水岸,unknown,华福御水岸:_￥unknown价格待定,https://gz.fang.lianjia.com/loupan/p_hfysaabfjj/,020,
太平洋鼎旺中心,15000,太平洋鼎旺中心:_￥15000元/平,https://gz.fang.lianjia.com/loupan/p_tpydwzxabhgv/,0757,
嘉兰轩,60000,嘉兰轩:_￥60000元/平,https://gz.fang.lianjia.com/loupan/p_jlxabiur/,020,
兆阳O立方,18500,兆阳O立方:_￥18500元/平,https://gz.fang.lianjia.com/loupan/p_zylfabhlb/,0757,
中盈广场,13000,中盈广场:_￥13000元/平,https://gz.fang.lianjia.com/loupan/p_zygcabhni/,0757,
云星钱隆御景,7900,云星钱隆御景:_￥7900元/平,https://gz.fang.lianjia.com/loupan/p_yxqlyjabmgw/,020,
碧桂园蜜柚,20000,碧桂园蜜柚:_￥20000元/平,https://gz.fang.lianjia.com/loupan/p_bgymyabmhk/,020,
颐澳湾,unknown,颐澳湾:_￥unknown价格待定,https://gz.fang.lianjia.com/loupan/p_yawabhby/,020,
时代柏林,unknown,时代柏林:_￥unknown价格待定,https://gz.fang.lianjia.com/loupan/p_sdblabjoy/,020,
合和新城,unknown,合和新城:_￥unknown价格待定,https://gz.fang.lianjia.com/loupan/p_hhxcabkno/,020,
i立方云谷,unknown,i立方云谷:_￥unknown价格待定,https://gz.fang.lianjia.com/loupan/p_ilfygabfyt/,0757,
深基天海城市花园,unknown,深基天海城市花园:_￥unknown价格待定,https://gz.fang.lianjia.com/loupan/p_sjthcshyabgay/,020,
南沙湾御苑,26000,南沙湾御苑:_￥26000元/平,https://gz.fang.lianjia.com/loupan/p_nswyyabkws/,020,
融创御园,18000,融创御园:_￥18000元/平,https://gz.fang.lianjia.com/loupan/p_rcyyabkya/,020,
招商臻园,unknown,招商臻园:_￥unknown价格待定,https://gz.fang.lianjia.com/loupan/p_zszyabdin/,0757,
万科金域滨江,unknown,万科金域滨江:_￥unknown价格待定,https://gz.fang.lianjia.com/loupan/p_wkjybjabcsj/,0757,
清水蓝湾,unknown,清水蓝湾:_￥unknown价格待定,https://gz.fang.lianjia.com/loupan/p_qslwaauxx/,020,
力迅城筑,unknown,力迅城筑:_￥unknown价格待定,https://gz.fang.lianjia.com/loupan/p_lxczqabfiz/,020,
万科水晶城,unknown,万科水晶城:_￥unknown价格待定,https://gz.fang.lianjia.com/loupan/p_wksjcabfix/,0757,
时代名著,21000,时代名著:_￥21000元/平,https://gz.fang.lianjia.com/loupan/p_sdmzabjkb/,020,
连城湾,18000,连城湾:_￥18000元/平,https://gz.fang.lianjia.com/loupan/p_lcwabjlb/,0757,
听音湖1号公馆,15000,听音湖1号公馆:_￥15000元/平,https://gz.fang.lianjia.com/loupan/p_tyhggabhmj/,020,
碧桂园海湾1号,25000,碧桂园海湾1号:_￥25000元/平,https://gz.fang.lianjia.com/loupan/p_bgyhwabmhi/,020,
方圆泉溪月岛,unknown,方圆泉溪月岛:_￥unknown价格待定,https://gz.fang.lianjia.com/loupan/p_fyqxydabknn/,020,
岭南天地东华轩一期,unknown,岭南天地东华轩一期:_￥unknown价格待定,https://gz.fang.lianjia.com/loupan/p_lntddhxyqabfzn/,0757,
万科城东花园,unknown,万科城东花园:_￥unknown价格待定,https://gz.fang.lianjia.com/loupan/p_wkjyzyyqyhyabgdg/,020,
万科云,22000,万科云:_￥22000元/平,https://gz.fang.lianjia.com/loupan/p_wkyabkyy/,020,
骏景君临名邸,unknown,骏景君临名邸:_￥unknown价格待定,https://gz.fang.lianjia.com/loupan/p_jjjlmdabcqz/,0757,
碧桂园天玺湾,unknown,碧桂园天玺湾:_￥unknown价格待定,https://gz.fang.lianjia.com/loupan/p_bgytxwabcrb/,020,
莱茵水岸,unknown,莱茵水岸:_￥unknown价格待定,https://gz.fang.lianjia.com/loupan/p_lysaaauxw/,020,
祈福缤纷汇,unknown,祈福缤纷汇:_￥unknown价格待定,https://gz.fang.lianjia.com/loupan/p_qfbfhaavrv/,020,
三江盛汇,unknown,三江盛汇:_￥unknown价格待定,https://gz.fang.lianjia.com/loupan/p_sjshabghb/,020,
海逸锦绣蓝湾,unknown,海逸锦绣蓝湾:_￥unknown价格待定,https://gz.fang.lianjia.com/loupan/p_hyjxlwabfxy/,020,
碧桂园珑悦,14000,碧桂园珑悦:_￥14000元/平,https://gz.fang.lianjia.com/loupan/p_bgyyabjky/,0757,
东联大厦,9300,东联大厦:_￥9300元/平,https://gz.fang.lianjia.com/loupan/p_sdzfyabjld/,0757,
翠堤明珠,unknown,翠堤明珠:_￥unknown价格待定,https://gz.fang.lianjia.com/loupan/p_cdmzabfzm/,0757,
金莎华府,unknown,金莎华府:_￥unknown价格待定,https://gz.fang.lianjia.com/loupan/p_jshfabgau/,0757,
融创湖滨世家,unknown,融创湖滨世家:_￥unknown价格待定,https://gz.fang.lianjia.com/loupan/p_rchbsjabctd/,0757,
峰湖御境,919,峰湖御境:_￥919万/套,https://gz.fang.lianjia.com/loupan/p_fhyjabctg/,020,
祈福万景峰祈福天龙苑,unknown,祈福万景峰祈福天龙苑:_￥unknown价格待定,https://gz.fang.lianjia.com/loupan/p_qfwjfqftlyaavdo/,020,
昊龙花园北区,unknown,昊龙花园北区:_￥unknown价格待定,https://gz.fang.lianjia.com/loupan/p_hlhybqaavjf/,020,
天御盈品,unknown,天御盈品:_￥unknown价格待定,https://gz.fang.lianjia.com/loupan/p_tyypgjyyqabfwf/,0757,
明汇苑,unknown,明汇苑:_￥unknown价格待定,https://gz.fang.lianjia.com/loupan/p_mhyabfwa/,0757,
万科美的西江悦花园,11500,万科美的西江悦花园:_￥11500元/平,https://gz.fang.lianjia.com/loupan/p_wkmdxjyhyabjsz/,020,
荟珑湾,unknown,荟珑湾:_￥unknown价格待定,https://gz.fang.lianjia.com/loupan/p_hlwabgav/,0757,
林上湾,unknown,林上湾:_￥unknown价格待定,https://gz.fang.lianjia.com/loupan/p_lswabcdt/,0757,
颐澳花园,unknown,颐澳花园:_￥unknown价格待定,https://gz.fang.lianjia.com/loupan/p_yahyabcuy/,0757,
祈福黄金海岸一期,unknown,祈福黄金海岸一期:_￥unknown价格待定,https://gz.fang.lianjia.com/loupan/p_qfhjhayqaavkn/,020,
华盛圆坊名荟,50,华盛圆坊名荟:_￥50万/套,https://gz.fang.lianjia.com/loupan/p_hsyfmhaaycm/,0757,
佛山雅居乐花园8号1区,unknown,佛山雅居乐花园8号1区:_￥unknown价格待定,https://gz.fang.lianjia.com/loupan/p_fsyjlhyabfwy/,0757,
时代倾城,unknown,时代倾城:_￥unknown价格待定,https://gz.fang.lianjia.com/loupan/p_sdqcabfuw/,020,
凯旋名门花园,unknown,凯旋名门花园:_￥unknown价格待定,https://gz.fang.lianjia.com/loupan/p_kxmmhyabgab/,0757,
万科金域花园,unknown,万科金域花园:_￥unknown价格待定,https://gz.fang.lianjia.com/loupan/p_wkjyzyeqyhyabcud/,020,
庄士映蝶蓝湾二期,unknown,庄士映蝶蓝湾二期:_￥unknown价格待定,https://gz.fang.lianjia.com/loupan/p_zsydlweqaaztw/,020,
万通国际,unknown,万通国际:_￥unknown价格待定,https://gz.fang.lianjia.com/loupan/p_wtgjabajp/,0757,
广州亚运城,unknown,广州亚运城:_￥unknown价格待定,https://gz.fang.lianjia.com/loupan/p_gzyycaazhi/,020,
绿地璀璨天城,19000,绿地璀璨天城:_￥19000元/平,https://gz.fang.lianjia.com/loupan/p_ldcctcabjwm/,0757,
金融街融御,60000,金融街融御:_￥60000元/平,https://gz.fang.lianjia.com/loupan/p_jrjryabjub/,020,
力合科技园,7000,力合科技园:_￥7000元/平,https://gz.fang.lianjia.com/loupan/p_lhkjyabjwy/,020,
山璟轩,unknown,山璟轩:_￥unknown价格待定,https://gz.fang.lianjia.com/loupan/p_sjxabdyv/,020,
祈福南湾半岛,11000,祈福南湾半岛:_￥11000元/平,https://gz.fang.lianjia.com/loupan/p_qfnwbdabjve/,0757,
三水万达广场,8500,三水万达广场:_￥8500元/平,https://gz.fang.lianjia.com/loupan/p_sswdgcabjti/,020,
望谷温泉小镇,unknown,望谷温泉小镇:_￥unknown价格待定,https://gz.fang.lianjia.com/loupan/p_wgwqxzabdju/,020,
珠光流溪御景,unknown,珠光流溪御景:_￥unknown价格待定,https://gz.fang.lianjia.com/loupan/p_zglxyjabdig/,020,
嘉兰轩,60000,嘉兰轩:_￥60000元/平,https://gz.fang.lianjia.com/loupan/p_jlxabiur/,020,
时代名著,21000,时代名著:_￥21000元/平,https://gz.fang.lianjia.com/loupan/p_sdmzabjkb/,020,
招商臻园,unknown,招商臻园:_￥unknown价格待定,https://gz.fang.lianjia.com/loupan/p_zszyabdin/,0757,
碧桂园豪进左岸,unknown,碧桂园豪进左岸:_￥unknown价格待定,https://gz.fang.lianjia.com/loupan/p_bgyhjzaabeem/,020,
连城湾,18000,连城湾:_￥18000元/平,https://gz.fang.lianjia.com/loupan/p_lcwabjlb/,0757,
碧桂园珑悦,14000,碧桂园珑悦:_￥14000元/平,https://gz.fang.lianjia.com/loupan/p_bgyyabjky/,0757,
时代康桥,unknown,时代康桥:_￥unknown价格待定,https://gz.fang.lianjia.com/loupan/p_sdkqabfby/,020,
东逸湾,unknown,东逸湾:_￥unknown价格待定,https://gz.fang.lianjia.com/loupan/p_dywabfge/,0757,
东联大厦,9300,东联大厦:_￥9300元/平,https://gz.fang.lianjia.com/loupan/p_sdzfyabjld/,0757,
丽湖名轩,unknown,丽湖名轩:_￥unknown价格待定,https://gz.fang.lianjia.com/loupan/p_lhmxabfgw/,020,
中海万锦熙岸,unknown,中海万锦熙岸:_￥unknown价格待定,https://gz.fang.lianjia.com/loupan/p_zhwjxaabfgc/,020,
恒福丽铂公馆,unknown,恒福丽铂公馆:_￥unknown价格待定,https://gz.fang.lianjia.com/loupan/p_hflbggabfgk/,020,
逸翠庄园,unknown,逸翠庄园:_￥unknown价格待定,https://gz.fang.lianjia.com/loupan/p_yczyaazrz/,020,
保利中央公馆,unknown,保利中央公馆:_￥unknown价格待定,https://gz.fang.lianjia.com/loupan/p_blzyggabfgv/,020,
荔湾新城欣悦湾,unknown,荔湾新城欣悦湾:_￥unknown价格待定,https://gz.fang.lianjia.com/loupan/p_lwxcxywabfqu/,020,
佛山万科广场,unknown,佛山万科广场:_￥unknown价格待定,https://gz.fang.lianjia.com/loupan/p_fswkgcabfgq/,0757,
万荟玖珑,unknown,万荟玖珑:_￥unknown价格待定,https://gz.fang.lianjia.com/loupan/p_whjlabbmt/,020,
自由人花园,unknown,自由人花园:_￥unknown价格待定,https://gz.fang.lianjia.com/loupan/p_zyrhyabbrq/,020,
水电广场,unknown,水电广场:_￥unknown价格待定,https://gz.fang.lianjia.com/loupan/p_sdgcaauvl/,020,
新世界名门天下,unknown,新世界名门天下:_￥unknown价格待定,https://gz.fang.lianjia.com/loupan/p_xsjmmtxabfms/,0757,
恒福国际商业中心,unknown,恒福国际商业中心:_￥unknown价格待定,https://gz.fang.lianjia.com/loupan/p_hfgjsyzxabfik/,0757,
怡康华府,unknown,怡康华府:_￥unknown价格待定,https://gz.fang.lianjia.com/loupan/p_ykhfaaulh/,020,
领地海纳珑庭,unknown,领地海纳珑庭:_￥unknown价格待定,https://gz.fang.lianjia.com/loupan/p_ldhnltabcxz/,0757,
富丰君御,unknown,富丰君御:_￥unknown价格待定,https://gz.fang.lianjia.com/loupan/p_ffjyabdbr/,020,
珠江金茂府,unknown,珠江金茂府:_￥unknown价格待定,https://gz.fang.lianjia.com/loupan/p_zjjmfaauvh/,020,
惠百氏广场,unknown,惠百氏广场:_￥unknown价格待定,https://gz.fang.lianjia.com/loupan/p_jzhbsaausp/,020,
沙面新城,unknown,沙面新城:_￥unknown价格待定,https://gz.fang.lianjia.com/loupan/p_smxcabfio/,0757,
盛南新都,unknown,盛南新都:_￥unknown价格待定,https://gz.fang.lianjia.com/loupan/p_snxdabfid/,0757,
力诚凯怡湾,unknown,力诚凯怡湾:_￥unknown价格待定,https://gz.fang.lianjia.com/loupan/p_lckywaaqpu/,020,
悦尚公馆,unknown,悦尚公馆:_￥unknown价格待定,https://gz.fang.lianjia.com/loupan/p_ysggaarfy/,020,
童梦天下,unknown,童梦天下:_￥unknown价格待定,https://gz.fang.lianjia.com/loupan/p_tmtxabdcl/,0757,
江山一品,unknown,江山一品:_￥unknown价格待定,https://gz.fang.lianjia.com/loupan/p_jsypabcjd/,020,
御湖名邸,unknown,御湖名邸:_￥unknown价格待定,https://gz.fang.lianjia.com/loupan/p_yhmdaaujf/,020,
凯旋新世界广粤尊府,unknown,凯旋新世界广粤尊府:_￥unknown价格待定,https://gz.fang.lianjia.com/loupan/p_kxxsjgyzfaaumh/,020,
罗村风度广场,unknown,罗村风度广场:_￥unknown价格待定,https://gz.fang.lianjia.com/loupan/p_lcfdgcabfie/,020,
灯湖领秀,unknown,灯湖领秀:_￥unknown价格待定,https://gz.fang.lianjia.com/loupan/p_dhlxabfkm/,020,
东方名都,unknown,东方名都:_￥unknown价格待定,https://gz.fang.lianjia.com/loupan/p_dfmdaauaj/,020,
雅居乐富春山居,unknown,雅居乐富春山居:_￥unknown价格待定,https://gz.fang.lianjia.com/loupan/p_yjlfcsjaatyr/,020,
美的新都荟广场,unknown,美的新都荟广场:_￥unknown价格待定,https://gz.fang.lianjia.com/loupan/p_mdxdhgcabcjk/,0757,
中铁国际公馆,unknown,中铁国际公馆:_￥unknown价格待定,https://gz.fang.lianjia.com/loupan/p_ztgjggabdfv/,0757,
爱尚流溪,unknown,爱尚流溪:_￥unknown价格待定,https://gz.fang.lianjia.com/loupan/p_aslxaauix/,020,
越秀滨海悦城,unknown,越秀滨海悦城:_￥unknown价格待定,https://gz.fang.lianjia.com/loupan/p_yxbhycaaujb/,020,
西山上筑,unknown,西山上筑:_￥unknown价格待定,https://gz.fang.lianjia.com/loupan/p_xsszabfja/,0757,
东港花园,unknown,东港花园:_￥unknown价格待定,https://gz.fang.lianjia.com/loupan/p_dghyaatxu/,020,
悦江上品苑,unknown,悦江上品苑:_￥unknown价格待定,https://gz.fang.lianjia.com/loupan/p_yjspyaaubk/,020,
望谷温泉小镇,unknown,望谷温泉小镇:_￥unknown价格待定,https://gz.fang.lianjia.com/loupan/p_wgwqxzabdju/,020,
富雅都市华庭,unknown,富雅都市华庭:_￥unknown价格待定,https://gz.fang.lianjia.com/loupan/p_fydshtaaujd/,020,
望谷温泉小镇,unknown,望谷温泉小镇:_￥unknown价格待定,https://gz.fang.lianjia.com/loupan/p_wgwqxzaaula/,020,
龙光棕榈水岸,unknown,龙光棕榈水岸:_￥unknown价格待定,https://gz.fang.lianjia.com/loupan/p_lgzlsaaaudf/,020,
仁安花园,unknown,仁安花园:_￥unknown价格待定,https://gz.fang.lianjia.com/loupan/p_rahyaautd/,020,
碧桂园豪进广场,unknown,碧桂园豪进广场:_￥unknown价格待定,https://gz.fang.lianjia.com/loupan/p_bgyhjgcaaukr/,020,
尚品雅居,unknown,尚品雅居:_￥unknown价格待定,https://gz.fang.lianjia.com/loupan/p_spyjaausy/,020,
星力时代豪庭,unknown,星力时代豪庭:_￥unknown价格待定,https://gz.fang.lianjia.com/loupan/p_xlsdhtaaudg/,020,
新景豪庭,unknown,新景豪庭:_￥unknown价格待定,https://gz.fang.lianjia.com/loupan/p_xjhtaauje/,020,
粤晖花园,14000,粤晖花园:_￥14000元/平,https://gz.fang.lianjia.com/loupan/p_yhhyabhoh/,0757,
芙蓉春晓,unknown,芙蓉春晓:_￥unknown价格待定,https://gz.fang.lianjia.com/loupan/p_frcxaaqwu/,020,
美誉紫薇花园,16000,美誉紫薇花园:_￥16000元/平,https://gz.fang.lianjia.com/loupan/p_myzwhyabhuh/,0757,
祈福辉煌台,unknown,祈福辉煌台:_￥unknown价格待定,https://gz.fang.lianjia.com/loupan/p_ysddqfhhtaaujr/,020,
谊泰雅苑,10800,谊泰雅苑:_￥10800元/平,https://gz.fang.lianjia.com/loupan/p_ytyyabhfz/,020,
中森茗苑,unknown,中森茗苑:_￥unknown价格待定,https://gz.fang.lianjia.com/loupan/p_zsmyaauea/,020,
绿地香颂公馆,15000,绿地香颂公馆:_￥15000元/平,https://gz.fang.lianjia.com/loupan/p_ldxsggabhgd/,0757,
万科南方公元,unknown,万科南方公元:_￥unknown价格待定,https://gz.fang.lianjia.com/loupan/p_wknfgyaausu/,020,
尚东阳光雅苑,unknown,尚东阳光雅苑:_￥unknown价格待定,https://gz.fang.lianjia.com/loupan/p_sdwjaaukw/,020,
盈天广场,13000,盈天广场:_￥13000元/平,https://gz.fang.lianjia.com/loupan/p_ytgcabhfs/,0757,
名城御景绿洲,unknown,名城御景绿洲:_￥unknown价格待定,https://gz.fang.lianjia.com/loupan/p_mcyjlzaaumm/,020,
南沙金茂湾,unknown,南沙金茂湾:_￥unknown价格待定,https://gz.fang.lianjia.com/loupan/p_nsjmwaazrb/,020,
颐和盛世,unknown,颐和盛世:_￥unknown价格待定,https://gz.fang.lianjia.com/loupan/p_yhssaavdb/,020,
佛山勤天汇,9000,佛山勤天汇:_￥9000元/平,https://gz.fang.lianjia.com/loupan/p_fsqthabhgx/,020,
南沙塞纳河畔,unknown,南沙塞纳河畔:_￥unknown价格待定,https://gz.fang.lianjia.com/loupan/p_nssnhpaaulq/,020,
山水庭苑,unknown,山水庭苑:_￥unknown价格待定,https://gz.fang.lianjia.com/loupan/p_sstyaarfw/,020,
保利雲上,unknown,保利雲上:_￥unknown价格待定,https://gz.fang.lianjia.com/loupan/p_blysabjtp/,0757,
嘉汇城,unknown,嘉汇城:_￥unknown价格待定,https://gz.fang.lianjia.com/loupan/p_jhcaauns/,020,
泓信华府,6300,泓信华府:_￥6300元/平,https://gz.fang.lianjia.com/loupan/p_hxhfabhgg/,020,
保利红馆,unknown,保利红馆:_￥unknown价格待定,https://gz.fang.lianjia.com/loupan/p_blhgaaulp/,020,
保利世贸G座,31000,保利世贸G座:_￥31000元/平,https://gz.fang.lianjia.com/loupan/p_blsmgzabnqg/,020,
一品湖山,unknown,一品湖山:_￥unknown价格待定,https://gz.fang.lianjia.com/loupan/p_yphsaaucs/,020,
美的翰湖苑,11500,美的翰湖苑:_￥11500元/平,https://gz.fang.lianjia.com/loupan/p_mdhhyabjlc/,020,
狮峰公馆,unknown,狮峰公馆:_￥unknown价格待定,https://gz.fang.lianjia.com/loupan/p_sfggaaufc/,020,
景新国际,unknown,景新国际:_￥unknown价格待定,https://gz.fang.lianjia.com/loupan/p_jxgjaatxm/,020,
星港城,60000,星港城:_￥60000元/平,https://gz.fang.lianjia.com/loupan/p_xgcabhrj/,020,
南湖花园,8000,南湖花园:_￥8000元/平,https://gz.fang.lianjia.com/loupan/p_nhhyabhgp/,0757,
万科峯境,unknown,万科峯境:_￥unknown价格待定,https://gz.fang.lianjia.com/loupan/p_wkfjaauqs/,020,
金海岸花园聚湖,unknown,金海岸花园聚湖:_￥unknown价格待定,https://gz.fang.lianjia.com/loupan/p_jhahyjhaauom/,020,
万科桃源里,13500,万科桃源里:_￥13500元/平,https://gz.fang.lianjia.com/loupan/p_wktylabnlf/,020,
时代天韵,unknown,时代天韵:_￥unknown价格待定,https://gz.fang.lianjia.com/loupan/p_sdtyaavfk/,020,
碧桂园·翡翠山,22000,碧桂园·翡翠山:_￥22000元/平,https://gz.fang.lianjia.com/loupan/p_bgycsabhqu/,020,
雅居乐雅湖半岛,11000,雅居乐雅湖半岛:_￥11000元/平,https://gz.fang.lianjia.com/loupan/p_yjlyhbdabjqz/,020,
恒展江山时代花园,unknown,恒展江山时代花园:_￥unknown价格待定,https://gz.fang.lianjia.com/loupan/p_hzjssdhyaaudj/,020,
创越时代,12500,创越时代:_￥12500元/平,https://gz.fang.lianjia.com/loupan/p_cysdabhtg/,0757,
文德先生,74000,文德先生:_￥74000元/平,https://gz.fang.lianjia.com/loupan/p_wdxsabjar/,020,
卓粤卓雅名苑,unknown,卓粤卓雅名苑:_￥unknown价格待定,https://gz.fang.lianjia.com/loupan/p_zyzymyaaufx/,020,
成卓世纪中心,23000,成卓世纪中心:_￥23000元/平,https://gz.fang.lianjia.com/loupan/p_czsjzxabnqk/,020,
勒流碧桂园,15000,勒流碧桂园:_￥15000元/平,https://gz.fang.lianjia.com/loupan/p_llbgyabhoy/,0757,
天马河公馆,16000,天马河公馆:_￥16000元/平,https://gz.fang.lianjia.com/loupan/p_tmhggabigl/,020,
奥园香雪华府,35000,奥园香雪华府:_￥35000元/平,https://gz.fang.lianjia.com/loupan/p_ayxxhfabjsv/,020,
涛汇尚品,9000,涛汇尚品:_￥9000元/平,https://gz.fang.lianjia.com/loupan/p_thspabgwb/,020,
越秀三四里江,4000,越秀三四里江:_￥4000万/套,https://gz.fang.lianjia.com/loupan/p_yxssljaaukp/,020,
碧桂园·总部新翼广场,12000,碧桂园·总部新翼广场:_￥12000元/平,https://gz.fang.lianjia.com/loupan/p_bgybxygcabhra/,0757,
美的翰湖苑,11500,美的翰湖苑:_￥11500元/平,https://gz.fang.lianjia.com/loupan/p_mdhhyabjlc/,020,
百荣园云山名都,unknown,百荣园云山名都:_￥unknown价格待定,https://gz.fang.lianjia.com/loupan/p_bryysmdaauhe/,020,
滨海御庭,17000,滨海御庭:_￥17000元/平,https://gz.fang.lianjia.com/loupan/p_bhytaayre/,0757,
顺德保利中央公园,16000,顺德保利中央公园:_￥16000元/平,https://gz.fang.lianjia.com/loupan/p_blzygyabcoh/,0757,
雅瑶绿洲,27000,雅瑶绿洲:_￥27000元/平,https://gz.fang.lianjia.com/loupan/p_yylzabhpu/,020,
丽日坚美森林湖,11000,丽日坚美森林湖:_￥11000元/平,https://gz.fang.lianjia.com/loupan/p_lrjmslhabiia/,0757,
欣荣宏御泉湾,10800,欣荣宏御泉湾:_￥10800元/平,https://gz.fang.lianjia.com/loupan/p_xrhyqwabjzx/,020,
龙光水悦熙园,13000,龙光水悦熙园:_￥13000元/平,https://gz.fang.lianjia.com/loupan/p_lgsyxyabcem/,0757,
捷和广场,9500,捷和广场:_￥9500元/平,https://gz.fang.lianjia.com/loupan/p_jhgcabgvw/,020,
尚上名筑二期,unknown,尚上名筑二期:_￥unknown价格待定,https://gz.fang.lianjia.com/loupan/p_ssmzeqaazxl/,020,
保利东湾东瑞广场,13800,保利东湾东瑞广场:_￥13800元/平,https://gz.fang.lianjia.com/loupan/p_bldwdrgcabhrb/,0757,
东怡新地,unknown,东怡新地:_￥unknown价格待定,https://gz.fang.lianjia.com/loupan/p_dyxdaaugl/,020,
藏珑华府,20500,藏珑华府:_￥20500元/平,https://gz.fang.lianjia.com/loupan/p_clhfabepp/,0757,
星星凯旋国际,18000,星星凯旋国际:_￥18000元/平,https://gz.fang.lianjia.com/loupan/p_xxkxgjabhpp/,0757,
山水龙盘,9000,山水龙盘:_￥9000元/平,https://gz.fang.lianjia.com/loupan/p_sslpabhhq/,0757,
保利诺丁山,22000,保利诺丁山:_￥22000元/平,https://gz.fang.lianjia.com/loupan/p_blndsabkmk/,0757,
柏涛湾豪园,7000,柏涛湾豪园:_￥7000元/平,https://gz.fang.lianjia.com/loupan/p_btwhyabcdn/,0757,
北湖丽都,15000,北湖丽都:_￥15000元/平,https://gz.fang.lianjia.com/loupan/p_bhldabfjl/,020,
雅居乐小院流溪,16000,雅居乐小院流溪:_￥16000元/平,https://gz.fang.lianjia.com/loupan/p_1dyjlxylxabftf/,020,
宏诚海峰花园,unknown,宏诚海峰花园:_￥unknown价格待定,https://gz.fang.lianjia.com/loupan/p_hchfhyaauiy/,020,
岭南天地璟轩,38000,岭南天地璟轩:_￥38000元/平,https://gz.fang.lianjia.com/loupan/p_lntdxabhqn/,0757,
科城山庄峻森园,unknown,科城山庄峻森园:_￥unknown价格待定,https://gz.fang.lianjia.com/loupan/p_kcszjsyaaugx/,020,
丽江花园如英居,unknown,丽江花园如英居:_￥unknown价格待定,https://gz.fang.lianjia.com/loupan/p_ljhyryjaauzo/,020,
好美嘉园好美华庭,unknown,好美嘉园好美华庭:_￥unknown价格待定,https://gz.fang.lianjia.com/loupan/p_hmjyhmhtaaucl/,020,
国瑞升平,50000,国瑞升平:_￥50000元/平,https://gz.fang.lianjia.com/loupan/p_grspabhpx/,0757,
宏宇天御江畔,19000,宏宇天御江畔:_￥19000元/平,https://gz.fang.lianjia.com/loupan/p_hytyjpabhkm/,0757,
罗村花半里,12000,罗村花半里:_￥12000元/平,https://gz.fang.lianjia.com/loupan/p_lchblabkoy/,0757,
龙成国际,7200,龙成国际:_￥7200元/平,https://gz.fang.lianjia.com/loupan/p_lcgjabces/,0757,
星辰花苑,12000,星辰花苑:_￥12000元/平,https://gz.fang.lianjia.com/loupan/p_xchyabfjr/,020,
万景豪园,7200,万景豪园:_￥7200元/平,https://gz.fang.lianjia.com/loupan/p_wjhyabhaf/,0757,
花都凤凰御景,400,花都凤凰御景:_￥400万/套,https://gz.fang.lianjia.com/loupan/p_hdfhyjaazyr/,020,
金茂绿岛湖,unknown,金茂绿岛湖:_￥unknown价格待定,https://gz.fang.lianjia.com/loupan/p_jmldhabhqk/,0757,
新城市宜家,unknown,新城市宜家:_￥unknown价格待定,https://gz.fang.lianjia.com/loupan/p_xcsyjaaukz/,020,
誉基誉憬湾,7500,誉基誉憬湾:_￥7500元/平,https://gz.fang.lianjia.com/loupan/p_yjjwabhqe/,020,
丽日广场,6500,丽日广场:_￥6500元/平,https://gz.fang.lianjia.com/loupan/p_lrgcabhik/,020,
元邦山清水秀,13000,元邦山清水秀:_￥13000元/平,https://gz.fang.lianjia.com/loupan/p_ybsqsxablgm/,020,
紫薇丽都,19000,紫薇丽都:_￥19000元/平,https://gz.fang.lianjia.com/loupan/p_zwldaazsh/,020,
奥园冠军城,11500,奥园冠军城:_￥11500元/平,https://gz.fang.lianjia.com/loupan/p_aygjcabcuj/,020,
碧桂园豪园,14000,碧桂园豪园:_￥14000元/平,https://gz.fang.lianjia.com/loupan/p_bgyhyabdwn/,020,
凯德城脉,11000,凯德城脉:_￥11000元/平,https://gz.fang.lianjia.com/loupan/p_kdcmabfjb/,0757,
融创望江府,14000,融创望江府:_￥14000元/平,https://gz.fang.lianjia.com/loupan/p_rcwjfabgzs/,0757,
山水庄园,11000,山水庄园:_￥11000元/平,https://gz.fang.lianjia.com/loupan/p_sszyabhqi/,020,
珠岛花园金湾明珠,unknown,珠岛花园金湾明珠:_￥unknown价格待定,https://gz.fang.lianjia.com/loupan/p_zdhyjwmzaaupo/,020,
朗宁郡,11000,朗宁郡:_￥11000元/平,https://gz.fang.lianjia.com/loupan/p_lnjabhlc/,0757,
兆丰豪庭,5600,兆丰豪庭:_￥5600元/平,https://gz.fang.lianjia.com/loupan/p_zfhtabhhi/,0757,
侨建御溪谷,23000,侨建御溪谷:_￥23000元/平,https://gz.fang.lianjia.com/loupan/p_qjyxgabmph/,020,
康格斯花园红棉苑,10000,康格斯花园红棉苑:_￥10000元/平,https://gz.fang.lianjia.com/loupan/p_kgshyhmyabaus/,0757,
慧聪家电城,9500,慧聪家电城:_￥9500元/平,https://gz.fang.lianjia.com/loupan/p_hcjdcabcup/,0757,
阳光城·文澜阁,18000,阳光城·文澜阁:_￥18000元/平,https://gz.fang.lianjia.com/loupan/p_ygclgabewp/,020,
碧桂园西樵悦府,14600,碧桂园西樵悦府:_￥14600元/平,https://gz.fang.lianjia.com/loupan/p_bgyxqyfabewj/,020,
金湖花园金湖翡翠山,55000,金湖花园金湖翡翠山:_￥55000元/平,https://gz.fang.lianjia.com/loupan/p_jhhyjhfcsabcxt/,020,
万景豪园,7200,万景豪园:_￥7200元/平,https://gz.fang.lianjia.com/loupan/p_wjhyabhaf/,0757,
雍翠新城,9000,雍翠新城:_￥9000元/平,https://gz.fang.lianjia.com/loupan/p_ycxcabhcn/,020,
珠江科技数码城,8300,珠江科技数码城:_￥8300元/平,https://gz.fang.lianjia.com/loupan/p_zjkjsmcabhqj/,020,
恒洲小苑,unknown,恒洲小苑:_￥unknown价格待定,https://gz.fang.lianjia.com/loupan/p_hzxyaauuf/,020,
华创商业广场,15000,华创商业广场:_￥15000元/平,https://gz.fang.lianjia.com/loupan/p_hcsygcabhnc/,0757,
美的西海岸,8500,美的西海岸:_￥8500元/平,https://gz.fang.lianjia.com/loupan/p_mdxhaabhjs/,020,
广州星河丹堤,unknown,广州星河丹堤:_￥unknown价格待定,https://gz.fang.lianjia.com/loupan/p_gzxhddabltb/,020,
顺德荔园新天地,25000,顺德荔园新天地:_￥25000元/平,https://gz.fang.lianjia.com/loupan/p_sdlyxtdabbmh/,0757,
保利上城,14000,保利上城:_￥14000元/平,https://gz.fang.lianjia.com/loupan/p_blscabcwx/,0757,
三水·帝景湾,8300,三水·帝景湾:_￥8300元/平,https://gz.fang.lianjia.com/loupan/p_ssjwabeup/,020,
中海寰宇天下,28000,中海寰宇天下:_￥28000元/平,https://gz.fang.lianjia.com/loupan/p_zhhytxabcxd/,020,
融创望江府,14000,融创望江府:_￥14000元/平,https://gz.fang.lianjia.com/loupan/p_rcwjfabgzs/,0757,
碧桂园联丰天汇湾,10000,碧桂园联丰天汇湾:_￥10000元/平,https://gz.fang.lianjia.com/loupan/p_bgyfthwabhbu/,020,
和华·逸林公馆,17500,和华·逸林公馆:_￥17500元/平,https://gz.fang.lianjia.com/loupan/p_hhlggabhqg/,020,
新南达大厦,9800,新南达大厦:_￥9800元/平,https://gz.fang.lianjia.com/loupan/p_xnddsabhls/,0757,
明智雅苑,5500,明智雅苑:_￥5500元/平,https://gz.fang.lianjia.com/loupan/p_mzyyabhiv/,020,
嘉悦公馆,7600,嘉悦公馆:_￥7600元/平,https://gz.fang.lianjia.com/loupan/p_jyggabbmw/,0757,
嘉信城市花园帝苑,21000,嘉信城市花园帝苑:_￥21000元/平,https://gz.fang.lianjia.com/loupan/p_jxcshydyabcuv/,0757,
聚豪雅居,10000,聚豪雅居:_￥10000元/平,https://gz.fang.lianjia.com/loupan/p_jhyjabewa/,0757,
人盛巴厘天地,17000,人盛巴厘天地:_￥17000元/平,https://gz.fang.lianjia.com/loupan/p_rsbltdaaugq/,020,
天悦湾花园,18000,天悦湾花园:_￥18000元/平,https://gz.fang.lianjia.com/loupan/p_tywhyabcxb/,0757,
雍翠新城,9000,雍翠新城:_￥9000元/平,https://gz.fang.lianjia.com/loupan/p_ycxcabhcn/,020,
乐趣荟广场,20000,乐趣荟广场:_￥20000元/平,https://gz.fang.lianjia.com/loupan/p_lqhgcabhdp/,020,
中企绿色总部,12000,中企绿色总部:_￥12000元/平,https://gz.fang.lianjia.com/loupan/p_zqlszbabhqr/,0757,
福朋国际,13500,福朋国际:_￥13500元/平,https://gz.fang.lianjia.com/loupan/p_fpgjabhnw/,0757,
顺德碧桂园,20000,顺德碧桂园:_￥20000元/平,https://gz.fang.lianjia.com/loupan/p_sdbgyabhtb/,0757,
碧桂园印象花城,18000,碧桂园印象花城:_￥18000元/平,https://gz.fang.lianjia.com/loupan/p_bgyyxhcabbnj/,0757,
金茂华美达,10000,金茂华美达:_￥10000元/平,https://gz.fang.lianjia.com/loupan/p_jmhmdabcwk/,0757,
中汇大厦,14000,中汇大厦:_￥14000元/平,https://gz.fang.lianjia.com/loupan/p_zhdsaaxyq/,020,
劲嘉金棕榈湾,8000,劲嘉金棕榈湾:_￥8000元/平,https://gz.fang.lianjia.com/loupan/p_jjjzlwabetx/,020,
普君新城华府,21000,普君新城华府:_￥21000元/平,https://gz.fang.lianjia.com/loupan/p_pjxchfabfgg/,0757,
鸿益华府,36000,鸿益华府:_￥36000元/平,https://gz.fang.lianjia.com/loupan/p_hyhfaaugp/,020,
中国铁建国际花园,18000,中国铁建国际花园:_￥18000元/平,https://gz.fang.lianjia.com/loupan/p_zgtjgjhyaauxp/,020,
富力广场,16500,富力广场:_￥16500元/平,https://gz.fang.lianjia.com/loupan/p_flgcabbtz/,0757,
依岸康堤花园,20000,依岸康堤花园:_￥20000元/平,https://gz.fang.lianjia.com/loupan/p_yakdhyabdcb/,0757,
盈信城市花园,5500,盈信城市花园:_￥5500元/平,https://gz.fang.lianjia.com/loupan/p_yxcshyabdbu/,0757,
碧桂园联丰天汇湾,10000,碧桂园联丰天汇湾:_￥10000元/平,https://gz.fang.lianjia.com/loupan/p_bgyfthwabhbu/,020,
乐趣荟广场,20000,乐趣荟广场:_￥20000元/平,https://gz.fang.lianjia.com/loupan/p_lqhgcabhdp/,020,
欧浦花城,8000,欧浦花城:_￥8000元/平,https://gz.fang.lianjia.com/loupan/p_ophcyqabhdk/,020,
创鸿·千灯墅,31500,创鸿·千灯墅:_￥31500元/平,https://gz.fang.lianjia.com/loupan/p_chdsabhbh/,020,
星豪湾,9000,星豪湾:_￥9000元/平,https://gz.fang.lianjia.com/loupan/p_hwabhsm/,0757,
珑耀华府,14500,珑耀华府:_￥14500元/平,https://gz.fang.lianjia.com/loupan/p_lyhfabbro/,020,
华筑翡翠湾,34000,华筑翡翠湾:_￥34000元/平,https://gz.fang.lianjia.com/loupan/p_hzfcwabbgm/,020,
凯蓝滨江公馆,20000,凯蓝滨江公馆:_￥20000元/平,https://gz.fang.lianjia.com/loupan/p_klbjggabcnx/,0757,
宏泽豪轩,7000,宏泽豪轩:_￥7000元/平,https://gz.fang.lianjia.com/loupan/p_hzhxabcnv/,0757,
中海金沙水岸,18000,中海金沙水岸:_￥18000元/平,https://gz.fang.lianjia.com/loupan/p_zhjssaaaxzv/,0757,
汇信华府,9000,汇信华府:_￥9000元/平,https://gz.fang.lianjia.com/loupan/p_hxhfaaxxg/,0757,
南沙湾石奥,21000,南沙湾石奥:_￥21000元/平,https://gz.fang.lianjia.com/loupan/p_nswsaaaurw/,020,
珠江罗马新都,10000,珠江罗马新都:_￥10000元/平,https://gz.fang.lianjia.com/loupan/p_zjlmxdabfgt/,0757,
雅居乐小院流溪,16000,雅居乐小院流溪:_￥16000元/平,https://gz.fang.lianjia.com/loupan/p_1dyjlxylxabftf/,020,
大城云山,15000,大城云山:_￥15000元/平,https://gz.fang.lianjia.com/loupan/p_dcysaauou/,020,
紫泉流溪湾,19000,紫泉流溪湾:_￥19000元/平,https://gz.fang.lianjia.com/loupan/p_zqlxwaauxu/,020,
广州时代云图,14000,广州时代云图:_￥14000元/平,https://gz.fang.lianjia.com/loupan/p_gzsdytaavao/,020,
涟岸,15000,涟岸:_￥15000元/平,https://gz.fang.lianjia.com/loupan/p_laabcty/,0757,
非凡领域,14500,非凡领域:_￥14500元/平,https://gz.fang.lianjia.com/loupan/p_fflyabbtx/,0757,
润丰花园,15000,润丰花园:_￥15000元/平,https://gz.fang.lianjia.com/loupan/p_rfhyabbti/,020,
金海岸花园,8500,金海岸花园:_￥8500元/平,https://gz.fang.lianjia.com/loupan/p_jhahyabdai/,0757,
越秀星汇云锦,25000,越秀星汇云锦:_￥25000元/平,https://gz.fang.lianjia.com/loupan/p_yxxhyjabdbt/,020,
欧浦花城,8000,欧浦花城:_￥8000元/平,https://gz.fang.lianjia.com/loupan/p_ophcyqabhdk/,020,
创鸿·千灯墅,31500,创鸿·千灯墅:_￥31500元/平,https://gz.fang.lianjia.com/loupan/p_chdsabhbh/,020,
越秀星汇海珠湾,53000,越秀星汇海珠湾:_￥53000元/平,https://gz.fang.lianjia.com/loupan/p_yxxhhzwabbjl/,020,
伟业华誉豪庭,11000,伟业华誉豪庭:_￥11000元/平,https://gz.fang.lianjia.com/loupan/p_wyhyhtabbza/,020,
新凯广场,15000,新凯广场:_￥15000元/平,https://gz.fang.lianjia.com/loupan/p_xkgcaaxxh/,0757,
世博广场,12000,世博广场:_￥12000元/平,https://gz.fang.lianjia.com/loupan/p_sbgcaayhz/,0757,
保利天悦花园,65000,保利天悦花园:_￥65000元/平,https://gz.fang.lianjia.com/loupan/p_bltyhyaaurj/,020,
江山国际,47000,江山国际:_￥47000元/平,https://gz.fang.lianjia.com/loupan/p_jsgjaausr/,020,
保利中环广场四期中悦花园,18000,保利中环广场四期中悦花园:_￥18000元/平,https://gz.fang.lianjia.com/loupan/p_blzhgcsqzyhyabfnc/,0757,
路劲隽悦豪庭,12500,路劲隽悦豪庭:_￥12500元/平,https://gz.fang.lianjia.com/loupan/p_ljjyhtaauot/,020,
万科里享水韵,17000,万科里享水韵:_￥17000元/平,https://gz.fang.lianjia.com/loupan/p_syytaauoa/,020,
卓远广场,15000,卓远广场:_￥15000元/平,https://gz.fang.lianjia.com/loupan/p_zygcabcky/,0757,
合景誉山国际,18000,合景誉山国际:_￥18000元/平,https://gz.fang.lianjia.com/loupan/p_hjysgjaavcx/,020,
荔港南湾H区,24000,荔港南湾H区:_￥24000元/平,https://gz.fang.lianjia.com/loupan/p_lgnwhqaavdp/,020,
新幸福领汇家园,8500,新幸福领汇家园:_￥8500元/平,https://gz.fang.lianjia.com/loupan/p_xxflhjyabcto/,0757,
怡翠晋盛花园,21000,怡翠晋盛花园:_￥21000元/平,https://gz.fang.lianjia.com/loupan/p_ycjshyabcoi/,0757,
领地海纳君庭,14000,领地海纳君庭:_￥14000元/平,https://gz.fang.lianjia.com/loupan/p_ldhnjtabbxa/,020,
龙光天湖华府,20000,龙光天湖华府:_￥20000元/平,https://gz.fang.lianjia.com/loupan/p_lgthhfabanh/,0757,
誉江华府.誉峰,12000,誉江华府.誉峰:_￥12000元/平,https://gz.fang.lianjia.com/loupan/p_yjhffabdcg/,020,
华强广场,13000,华强广场:_￥13000元/平,https://gz.fang.lianjia.com/loupan/p_hqgcabckp/,0757,
碧桂园华府,17000,碧桂园华府:_￥17000元/平,https://gz.fang.lianjia.com/loupan/p_bgyhfabbui/,020,
港宏世家,9000,港宏世家:_￥9000元/平,https://gz.fang.lianjia.com/loupan/p_ghsjaaysq/,0757,
御江南,10000,御江南:_￥10000元/平,https://gz.fang.lianjia.com/loupan/p_yjnaaydy/,0757,
嘉汇四季阳光,17600,嘉汇四季阳光:_￥17600元/平,https://gz.fang.lianjia.com/loupan/p_jhsjygaausv/,020,
桃源盛世名苑,11000,桃源盛世名苑:_￥11000元/平,https://gz.fang.lianjia.com/loupan/p_tyssmyaaule/,020,
淘金家园峯璟,70000,淘金家园峯璟:_￥70000元/平,https://gz.fang.lianjia.com/loupan/p_tjjyfjaaunz/,020,
泊雅湾,32000,泊雅湾:_￥32000元/平,https://gz.fang.lianjia.com/loupan/p_bywaaupp/,020,
樵汇花园,9000,樵汇花园:_￥9000元/平,https://gz.fang.lianjia.com/loupan/p_qhhyabcjb/,020,
雅居乐英伦首府,21000,雅居乐英伦首府:_￥21000元/平,https://gz.fang.lianjia.com/loupan/p_yjlylsfabcjl/,0757,
腾飞园中新里,9000,腾飞园中新里:_￥9000元/平,https://gz.fang.lianjia.com/loupan/p_tfyzxlaavdz/,020,
南沙湾东苑,32000,南沙湾东苑:_￥32000元/平,https://gz.fang.lianjia.com/loupan/p_nswdyaavgn/,020,
均安尚苑,8800,均安尚苑:_￥8800元/平,https://gz.fang.lianjia.com/loupan/p_jasyabcog/,0757,
美的广场·擎峰,16000,美的广场·擎峰:_￥16000元/平,https://gz.fang.lianjia.com/loupan/p_mdgcqfabcqw/,0757,
观山上岛,15000,观山上岛:_￥15000元/平,https://gz.fang.lianjia.com/loupan/p_gssdabczu/,020,
绿地未来城,13000,绿地未来城:_￥13000元/平,https://gz.fang.lianjia.com/loupan/p_ldwlcabczi/,0757,
粤海宝华轩,43500,粤海宝华轩:_￥43500元/平,https://gz.fang.lianjia.com/loupan/p_yhbhxabckn/,020,
班芙小镇,14000,班芙小镇:_￥14000元/平,https://gz.fang.lianjia.com/loupan/p_bfxzaaztz/,020,
金融街花溪小镇,14000,金融街花溪小镇:_￥14000元/平,https://gz.fang.lianjia.com/loupan/p_jrjhxxzaazxy/,020,
番禺海伦堡流金岁月,33000,番禺海伦堡流金岁月:_￥33000元/平,https://gz.fang.lianjia.com/loupan/p_pyhlbljsyaaujs/,020,
荔富湖畔,22000,荔富湖畔:_￥22000元/平,https://gz.fang.lianjia.com/loupan/p_lfhpaaukx/,020,
御湖城,7200,御湖城:_￥7200元/平,https://gz.fang.lianjia.com/loupan/p_jyyhcaauhi/,020,
富力天海湾,22000,富力天海湾:_￥22000元/平,https://gz.fang.lianjia.com/loupan/p_flthwaauio/,020,
美的翰城,17500,美的翰城:_￥17500元/平,https://gz.fang.lianjia.com/loupan/p_mdhcabcic/,0757,
恒大御景,8800,恒大御景:_￥8800元/平,https://gz.fang.lianjia.com/loupan/p_hdyjabdfo/,020,
大岗翡翠蓝湾北区,13300,大岗翡翠蓝湾北区:_￥13300元/平,https://gz.fang.lianjia.com/loupan/p_dgfclwbqaavja/,020,
汇银W新港湾,11000,汇银W新港湾:_￥11000元/平,https://gz.fang.lianjia.com/loupan/p_hywxgwabcoe/,0757,
龙光·尚街,9500,龙光·尚街:_￥9500元/平,https://gz.fang.lianjia.com/loupan/p_lgsjdsabcpt/,0757,
绿地香树花园,18500,绿地香树花园:_￥18500元/平,https://gz.fang.lianjia.com/loupan/p_ldxshyabcep/,0757,
中海繁华里,25000,中海繁华里:_￥25000元/平,https://gz.fang.lianjia.com/loupan/p_zhjyhfhlabcxo/,020,
万科金色领域,18000,万科金色领域:_￥18000元/平,https://gz.fang.lianjia.com/loupan/p_wkjslyabcxs/,020,
岭南天地尚苑,20000,岭南天地尚苑:_￥20000元/平,https://gz.fang.lianjia.com/loupan/p_lntdsyabajw/,0757,
狮城国际,14000,狮城国际:_￥14000元/平,https://gz.fang.lianjia.com/loupan/p_scgjaaukn/,020,
海珠湖景峰,27000,海珠湖景峰:_￥27000元/平,https://gz.fang.lianjia.com/loupan/p_hzhjfaaumn/,020,
珠江东境花园,80000,珠江东境花园:_￥80000元/平,https://gz.fang.lianjia.com/loupan/p_zjdjhyaauin/,020,
广州绿地城,18000,广州绿地城:_￥18000元/平,https://gz.fang.lianjia.com/loupan/p_gzldcaauid/,020,
中国美林湖星海游艇别墅,18000,中国美林湖星海游艇别墅:_￥18000元/平,https://gz.fang.lianjia.com/loupan/p_zgmlhxhytabdfb/,020,
中信山语湖,16800,中信山语湖:_￥16800元/平,https://gz.fang.lianjia.com/loupan/p_zxsyhabdfw/,020,
涛汇豪庭,11000,涛汇豪庭:_￥11000元/平,https://gz.fang.lianjia.com/loupan/p_thhtabcmp/,0757,
三星金融大厦,15000,三星金融大厦:_￥15000元/平,https://gz.fang.lianjia.com/loupan/p_sxjrdsabecd/,020,
卓远广场,15000,卓远广场:_￥15000元/平,https://gz.fang.lianjia.com/loupan/p_zygcabgwx/,0757,
龙光水悦熙园,13000,龙光水悦熙园:_￥13000元/平,https://gz.fang.lianjia.com/loupan/p_lgsyxyabcem/,0757,
柏涛湾豪园,7000,柏涛湾豪园:_￥7000元/平,https://gz.fang.lianjia.com/loupan/p_btwhyabcdn/,0757,
新时代家园,16000,新时代家园:_￥16000元/平,https://gz.fang.lianjia.com/loupan/p_xsdjyaaumo/,020,
康格斯花园凤凰苑,13500,康格斯花园凤凰苑:_￥13500元/平,https://gz.fang.lianjia.com/loupan/p_kgshyfhyabcxu/,0757,
港航华庭,11000,港航华庭:_￥11000元/平,https://gz.fang.lianjia.com/loupan/p_jgddghhtaauon/,020,
中大城,19000,中大城:_￥19000元/平,https://gz.fang.lianjia.com/loupan/p_zdcaaufj/,020,
时代香海彼岸,23000,时代香海彼岸:_￥23000元/平,https://gz.fang.lianjia.com/loupan/p_sdxhbayabdiu/,0757,
东湖映月,33000,东湖映月:_￥33000元/平,https://gz.fang.lianjia.com/loupan/p_dhyyabdhv/,020,
当代上品湾MOMΛ,17000,当代上品湾MOMΛ:_￥17000元/平,https://gz.fang.lianjia.com/loupan/p_cxyjhfabgqa/,020,
伟业华誉豪庭,40000,伟业华誉豪庭:_￥40000元/平,https://gz.fang.lianjia.com/loupan/p_wyhyhtabdss/,020,
中恒海晖花园,10000,中恒海晖花园:_￥10000元/平,https://gz.fang.lianjia.com/loupan/p_zhhhhyabdld/,020,
瀚洋居,8300,瀚洋居:_￥8300元/平,https://gz.fang.lianjia.com/loupan/p_hyjabgvl/,0757,
桂南尚都,11000,桂南尚都:_￥11000元/平,https://gz.fang.lianjia.com/loupan/p_gnsdabgwc/,020,
龙成国际,7200,龙成国际:_￥7200元/平,https://gz.fang.lianjia.com/loupan/p_lcgjabces/,0757,
路福联合广场,30000,路福联合广场:_￥30000元/平,https://gz.fang.lianjia.com/loupan/p_lflhgcabftl/,020,
云星钱隆公馆,20000,云星钱隆公馆:_￥20000元/平,https://gz.fang.lianjia.com/loupan/p_yxqlggaauxo/,020,
西关海,60000,西关海:_￥60000元/平,https://gz.fang.lianjia.com/loupan/p_aarcg/,020,
尚观嘉园,14600,尚观嘉园:_￥14600元/平,https://gz.fang.lianjia.com/loupan/p_sgjyabcrp/,020,
融创南景湾,7200,融创南景湾:_￥7200元/平,https://gz.fang.lianjia.com/loupan/p_rcnjwabgut/,020,
路劲天隽峰,25000,路劲天隽峰:_￥25000元/平,https://gz.fang.lianjia.com/loupan/p_ljtjfabgrj/,020,
奥园1号,40000,奥园1号:_￥40000元/平,https://gz.fang.lianjia.com/loupan/p_ayabdle/,020,
誉江华府.誉江半岛,12000,誉江华府.誉江半岛:_￥12000元/平,https://gz.fang.lianjia.com/loupan/p_yjhfjbdabdlo/,020,
新天半山,48000,新天半山:_￥48000元/平,https://gz.fang.lianjia.com/loupan/p_xtbsaaucm/,020,
林上湾,15000,林上湾:_￥15000元/平,https://gz.fang.lianjia.com/loupan/p_lswabgvm/,0757,
云山峰境四期,12800,云山峰境四期:_￥12800元/平,https://gz.fang.lianjia.com/loupan/p_ysfjsqabgvp/,020,
招商雍华府,45000,招商雍华府:_￥45000元/平,https://gz.fang.lianjia.com/loupan/p_zsyhfabfau/,020,
汇港威华国际,18000,汇港威华国际:_￥18000元/平,https://gz.fang.lianjia.com/loupan/p_hgwhgjabfof/,020,
上林一品,12000,上林一品:_￥12000元/平,https://gz.fang.lianjia.com/loupan/p_slypabhak/,020,
温馨里,17000,温馨里:_￥17000元/平,https://gz.fang.lianjia.com/loupan/p_wxlaarcf/,020,
紫茗花园,8500,紫茗花园:_￥8500元/平,https://gz.fang.lianjia.com/loupan/p_zmhyaaraq/,020,
美的鹭湖森林度假区,8100,美的鹭湖森林度假区:_￥8100元/平,https://gz.fang.lianjia.com/loupan/p_mdlhsldjcabgss/,0757,
万科金域中央,15000,万科金域中央:_￥15000元/平,https://gz.fang.lianjia.com/loupan/p_wkjyzysqabgsb/,020,
科恒·岭南水岸,20000,科恒·岭南水岸:_￥20000元/平,https://gz.fang.lianjia.com/loupan/p_khnsaabemw/,0757,
美的御海东郡·东畔岛,10000,美的御海东郡·东畔岛:_￥10000元/平,https://gz.fang.lianjia.com/loupan/p_mdyhdjdaberq/,0757,
阳光城丽景湾,13500,阳光城丽景湾:_￥13500元/平,https://gz.fang.lianjia.com/loupan/p_gchyxzaauck/,020,
花都名雅苑,7300,花都名雅苑:_￥7300元/平,https://gz.fang.lianjia.com/loupan/p_hdmyyaaueo/,020,
苹果公馆,28000,苹果公馆:_￥28000元/平,https://gz.fang.lianjia.com/loupan/p_pgggabgio/,0757,
海逸·桃花源记,13500,海逸·桃花源记:_￥13500元/平,https://gz.fang.lianjia.com/loupan/p_hyhyjabgql/,020,
龙光玖龙湾,16000,龙光玖龙湾:_￥16000元/平,https://gz.fang.lianjia.com/loupan/p_lgjlwabeyv/,0757,
名铸家园,14000,名铸家园:_￥14000元/平,https://gz.fang.lianjia.com/loupan/p_mzjyabeuj/,0757,
恒大悦府,20000,恒大悦府:_￥20000元/平,https://gz.fang.lianjia.com/loupan/p_hdyfabhao/,0757,
广域双子星,18000,广域双子星:_￥18000元/平,https://gz.fang.lianjia.com/loupan/p_gyzxabhct/,0757,
花语水岸,32000,花语水岸:_￥32000元/平,https://gz.fang.lianjia.com/loupan/p_hysaaaqwa/,020,
南沙金湾,12000,南沙金湾:_￥12000元/平,https://gz.fang.lianjia.com/loupan/p_nsjwaatxi/,020,
保利海德公园,18700,保利海德公园:_￥18700元/平,https://gz.fang.lianjia.com/loupan/p_blhdgyabgha/,0757,
元邦山清水秀,14000,元邦山清水秀:_￥14000元/平,https://gz.fang.lianjia.com/loupan/p_ybsqsxabggf/,020,
城光荟景,12000,城光荟景:_￥12000元/平,https://gz.fang.lianjia.com/loupan/p_cghjaberl/,0757,
南沙心意华庭,13000,南沙心意华庭:_￥13000元/平,https://gz.fang.lianjia.com/loupan/p_nsxyhtaauem/,020,
碧桂园城市花园,16000,碧桂园城市花园:_￥16000元/平,https://gz.fang.lianjia.com/loupan/p_bgycshyaaueh/,020,
涟岸,454,涟岸:_￥454万/套,https://gz.fang.lianjia.com/loupan/p_laabild/,0757,
北部万科城,11000,北部万科城:_￥11000元/平,https://gz.fang.lianjia.com/loupan/p_bbwkcabiqh/,020,
聚雅华庭,11500,聚雅华庭:_￥11500元/平,https://gz.fang.lianjia.com/loupan/p_jyhtabewf/,0757,
明浦居,8500,明浦居:_￥8500元/平,https://gz.fang.lianjia.com/loupan/p_mpjabeuv/,0757,
凯茵花园,13700,凯茵花园:_￥13700元/平,https://gz.fang.lianjia.com/loupan/p_kyhyabhcp/,0757,
万豪广场,7600,万豪广场:_￥7600元/平,https://gz.fang.lianjia.com/loupan/p_whgcabhcr/,0757,
龙江碧桂园华府,15000,龙江碧桂园华府:_￥15000元/平,https://gz.fang.lianjia.com/loupan/p_ljbgyhfabhbm/,0757,
颐德公馆,88000,颐德公馆:_￥88000元/平,https://gz.fang.lianjia.com/loupan/p_ydggaauae/,020,
观园壹号,8500,观园壹号:_￥8500元/平,https://gz.fang.lianjia.com/loupan/p_gyyhaatzc/,020,
森悦华庭,29000,森悦华庭:_￥29000元/平,https://gz.fang.lianjia.com/loupan/p_syhtabfwc/,020,
源海仙村一号,14000,源海仙村一号:_￥14000元/平,https://gz.fang.lianjia.com/loupan/p_yhxcyhabfxd/,020,
晴海岸,23000,晴海岸:_￥23000元/平,https://gz.fang.lianjia.com/loupan/p_qhaaaubz/,020,
水韵翔庭,14000,水韵翔庭:_￥14000元/平,https://gz.fang.lianjia.com/loupan/p_syxtaaudq/,020,
源河城市花园,9500,源河城市花园:_￥9500元/平,https://gz.fang.lianjia.com/loupan/p_yhcshyyhyabioo/,020,
丹灶碧桂园,11500,丹灶碧桂园:_￥11500元/平,https://gz.fang.lianjia.com/loupan/p_dzbgyabewi/,0757,
江滨花园·锦绣龙湾,12500,江滨花园·锦绣龙湾:_￥12500元/平,https://gz.fang.lianjia.com/loupan/p_jbhyxlwabetv/,0757,
鸿安御花园,10000,鸿安御花园:_￥10000元/平,https://gz.fang.lianjia.com/loupan/p_hayhyabhbi/,020,
龙江碧桂园华府,15000,龙江碧桂园华府:_￥15000元/平,https://gz.fang.lianjia.com/loupan/p_ljbgyhfabhbm/,0757,
南海万科广场,27000,南海万科广场:_￥27000元/平,https://gz.fang.lianjia.com/loupan/p_nhwkgcabcwc/,020,
美誉紫薇花园,20000,美誉紫薇花园:_￥20000元/平,https://gz.fang.lianjia.com/loupan/p_myzwhyabidp/,0757,
新凯广场,16000,新凯广场:_￥16000元/平,https://gz.fang.lianjia.com/loupan/p_xkgcabiic/,0757,
云星钱隆天誉,15000,云星钱隆天誉:_￥15000元/平,https://gz.fang.lianjia.com/loupan/p_yxqltyaatxf/,020,
依云公馆,9500,依云公馆:_￥9500元/平,https://gz.fang.lianjia.com/loupan/p_yyggabels/,020,
佛山万科城,38000,佛山万科城:_￥38000元/平,https://gz.fang.lianjia.com/loupan/p_fswkcabgdi/,0757,
华标荔苑,8400,华标荔苑:_￥8400元/平,https://gz.fang.lianjia.com/loupan/p_hblyaauds/,020,
路劲隽泷湾,26000,路劲隽泷湾:_￥26000元/平,https://gz.fang.lianjia.com/loupan/p_ljjlwaaubx/,020,
万科·湖岸,26000,万科·湖岸:_￥26000元/平,https://gz.fang.lianjia.com/loupan/p_wkaabevg/,020,
三水博雅滨江,8600,三水博雅滨江:_￥8600元/平,https://gz.fang.lianjia.com/loupan/p_ssbybjabeuf/,0757,
宗德服务中心,18000,宗德服务中心:_￥18000元/平,https://gz.fang.lianjia.com/loupan/p_zdfwzxabgqb/,0757,
金地天玺,22000,金地天玺:_￥22000元/平,https://gz.fang.lianjia.com/loupan/p_jdtxabcvw/,0757,
万科金色城市,23000,万科金色城市:_￥23000元/平,https://gz.fang.lianjia.com/loupan/p_wkjscsabcwp/,020,
中信山语湖,16000,中信山语湖:_￥16000元/平,https://gz.fang.lianjia.com/loupan/p_zxsyhabigj/,020,
星际半岛,13000,星际半岛:_￥13000元/平,https://gz.fang.lianjia.com/loupan/p_xjbdabhiy/,0757,
实地蔷薇国际,20500,实地蔷薇国际:_￥20500元/平,https://gz.fang.lianjia.com/loupan/p_sdqwgjabdsq/,020,
保利碧桂园悦公馆,16000,保利碧桂园悦公馆:_￥16000元/平,https://gz.fang.lianjia.com/loupan/p_blbgyggzbhyabemx/,0757,
富力泉天下,14000,富力泉天下:_￥14000元/平,https://gz.fang.lianjia.com/loupan/p_flqtxabdid/,020,
荔园悦享花醍,14000,荔园悦享花醍:_￥14000元/平,https://gz.fang.lianjia.com/loupan/p_lyyxhtaauqx/,020,
锦绣一方,20000,锦绣一方:_￥20000元/平,https://gz.fang.lianjia.com/loupan/p_jxyfabftu/,020,
花都颐和山庄G区,11000,花都颐和山庄G区:_￥11000元/平,https://gz.fang.lianjia.com/loupan/p_hdyhszgqabckh/,020,
金地珑悦,22000,金地珑悦:_￥22000元/平,https://gz.fang.lianjia.com/loupan/p_jdlyabcvl/,0757,
罗马家园龙禧,47000,罗马家园龙禧:_￥47000元/平,https://gz.fang.lianjia.com/loupan/p_lmjylxabcmn/,020,
名澳汇锦桃园,13500,名澳汇锦桃园:_￥13500元/平,https://gz.fang.lianjia.com/loupan/p_mahjtyabhjh/,020,
颐德公馆,150000,颐德公馆:_￥150000元/平,https://gz.fang.lianjia.com/loupan/p_ydggabhjm/,020,
国华新都,14500,国华新都:_￥14500元/平,https://gz.fang.lianjia.com/loupan/p_ghxdabbyx/,020,
恒大帝景,20000,恒大帝景:_￥20000元/平,https://gz.fang.lianjia.com/loupan/p_hdjabepw/,0757,
广佛新世界,17000,广佛新世界:_￥17000元/平,https://gz.fang.lianjia.com/loupan/p_gfxsjabepm/,020,
奥园莲峰圣境,19000,奥园莲峰圣境:_￥19000元/平,https://gz.fang.lianjia.com/loupan/p_aylfsjabefo/,020,
广州中航城,19000,广州中航城:_￥19000元/平,https://gz.fang.lianjia.com/loupan/p_zhchyabdww/,020,
中旅银湾花园,8500,中旅银湾花园:_￥8500元/平,https://gz.fang.lianjia.com/loupan/p_zlywhyabckx/,020,
美的君兰江山,25000,美的君兰江山:_￥25000元/平,https://gz.fang.lianjia.com/loupan/p_mdjljsabcjh/,0757,
星英半岛花园,20000,星英半岛花园:_￥20000元/平,https://gz.fang.lianjia.com/loupan/p_xybdhyabcmq/,0757,
乐从风度花园,12500,乐从风度花园:_￥12500元/平,https://gz.fang.lianjia.com/loupan/p_jlfdhyabclm/,0757,
第壹时区,18000,第壹时区:_￥18000元/平,https://gz.fang.lianjia.com/loupan/p_dysqabhkg/,020,
万科金色里程,16500,万科金色里程:_￥16500元/平,https://gz.fang.lianjia.com/loupan/p_wkjslcabhsj/,0757,
敏捷华南金谷,12000,敏捷华南金谷:_￥12000元/平,https://gz.fang.lianjia.com/loupan/p_mjhnjgabbxg/,0757,
金海MCITY,24000,金海MCITY:_￥24000元/平,https://gz.fang.lianjia.com/loupan/p_jhmabbys/,0757,
博澳城,14000,博澳城:_￥14000元/平,https://gz.fang.lianjia.com/loupan/p_bacabcxn/,0757,
恒大山水郡,16500,恒大山水郡:_￥16500元/平,https://gz.fang.lianjia.com/loupan/p_hdssjabcqg/,020,
保利i立方,18000,保利i立方:_￥18000元/平,https://gz.fang.lianjia.com/loupan/p_blilfabdko/,020,
金沙半岛,23000,金沙半岛:_￥23000元/平,https://gz.fang.lianjia.com/loupan/p_jsbdabdkm/,020,
雅宝新城,16500,雅宝新城:_￥16500元/平,https://gz.fang.lianjia.com/loupan/p_ybxcabdvh/,020,
时代天启,17500,时代天启:_￥17500元/平,https://gz.fang.lianjia.com/loupan/p_sdtqabfar/,020,
名汇浩湖湾,14500,名汇浩湖湾:_￥14500元/平,https://gz.fang.lianjia.com/loupan/p_mhhhwabcmg/,020,
玖珑湖悦沐庄,22000,玖珑湖悦沐庄:_￥22000元/平,https://gz.fang.lianjia.com/loupan/p_jlhymzabdee/,020,
金地香山湖,15000,金地香山湖:_￥15000元/平,https://gz.fang.lianjia.com/loupan/p_jdxshabdqr/,020,
保利罗兰国际,40000,保利罗兰国际:_￥40000元/平,https://gz.fang.lianjia.com/loupan/p_blllgjabdqq/,020,
恒大郦湖城,11000,恒大郦湖城:_￥11000元/平,https://gz.fang.lianjia.com/loupan/p_hdlhcabhtk/,0757,
恒福天悦,14800,恒福天悦:_￥14800元/平,https://gz.fang.lianjia.com/loupan/p_hftyabcyb/,020,
海湾城,13500,海湾城:_￥13500元/平,https://gz.fang.lianjia.com/loupan/p_hwcabcxy/,0757,
当代万国府MOMΛ,24000,当代万国府MOMΛ:_￥24000元/平,https://gz.fang.lianjia.com/loupan/p_ddwgfmabcxl/,0757,
广佛颐景园,22000,广佛颐景园:_￥22000元/平,https://gz.fang.lianjia.com/loupan/p_gfyjyabczw/,0757,
东怡水岸花园桂花洲,13000,东怡水岸花园桂花洲:_￥13000元/平,https://gz.fang.lianjia.com/loupan/p_dysahyghzabcqt/,0757,
绿岛湖壹号,15500,绿岛湖壹号:_￥15500元/平,https://gz.fang.lianjia.com/loupan/p_ldhyhabcpv/,0757,
佳兆业金域天下,12000,佳兆业金域天下:_￥12000元/平,https://gz.fang.lianjia.com/loupan/p_jzyytxabdlz/,0757,
东圣维拉,14000,东圣维拉:_￥14000元/平,https://gz.fang.lianjia.com/loupan/p_dswlabdmb/,0757,
招商雍华府,45000,招商雍华府:_￥45000元/平,https://gz.fang.lianjia.com/loupan/p_zsyhfabfau/,020,
龙光玖龙湾,16000,龙光玖龙湾:_￥16000元/平,https://gz.fang.lianjia.com/loupan/p_lgjlwabeyv/,0757,
远洋芙蓉墅,25000,远洋芙蓉墅:_￥25000元/平,https://gz.fang.lianjia.com/loupan/p_fzfrsabdfe/,020,
美立方,17000,美立方:_￥17000元/平,https://gz.fang.lianjia.com/loupan/p_mlfhyabdfy/,0757,
保利翡翠山,26000,保利翡翠山:_￥26000元/平,https://gz.fang.lianjia.com/loupan/p_blfcsabdti/,020,
信基广场,8500,信基广场:_￥8500元/平,https://gz.fang.lianjia.com/loupan/p_xjgcabczn/,020,
京华广场,19000,京华广场:_￥19000元/平,https://gz.fang.lianjia.com/loupan/p_lhgjabczc/,020,
万科金域缇香,23000,万科金域缇香:_￥23000元/平,https://gz.fang.lianjia.com/loupan/p_wkjytxabdaa/,0757,
伦教碧桂园,18000,伦教碧桂园:_￥18000元/平,https://gz.fang.lianjia.com/loupan/p_ljbgyyfabdaf/,0757,
绿岛明珠,12000,绿岛明珠:_￥12000元/平,https://gz.fang.lianjia.com/loupan/p_ldmzabcpr/,0757,
嘉濠雅苑,18000,嘉濠雅苑:_￥18000元/平,https://gz.fang.lianjia.com/loupan/p_jhyyabcdv/,0757,
凯德山海连城,22000,凯德山海连城:_￥22000元/平,https://gz.fang.lianjia.com/loupan/p_kdshlcabelz/,020,
三盛颐景园,13500,三盛颐景园:_￥13500元/平,https://gz.fang.lianjia.com/loupan/p_ssyjyabell/,020,
悦珑湖,13000,悦珑湖:_￥13000元/平,https://gz.fang.lianjia.com/loupan/p_ylhabesk/,0757,
富力泉天下,14000,富力泉天下:_￥14000元/平,https://gz.fang.lianjia.com/loupan/p_flqtxabdid/,020,
天晟·海琴湾,11500,天晟·海琴湾:_￥11500元/平,https://gz.fang.lianjia.com/loupan/p_tcqwabcrk/,020,
佛山恒大城,15000,佛山恒大城:_￥15000元/平,https://gz.fang.lianjia.com/loupan/p_fshdcabcze/,020,
光明花半里,14000,光明花半里:_￥14000元/平,https://gz.fang.lianjia.com/loupan/p_gmhblabcxx/,020,
时代水岸花园,24000,时代水岸花园:_￥24000元/平,https://gz.fang.lianjia.com/loupan/p_sdsahyabdbv/,0757,
宏鼎景裕豪园,26000,宏鼎景裕豪园:_￥26000元/平,https://gz.fang.lianjia.com/loupan/p_hdjyhyabdbl/,020,
绿岛明珠,11000,绿岛明珠:_￥11000元/平,https://gz.fang.lianjia.com/loupan/p_ldmzabbay/,0757,
富力伯爵山,19000,富力伯爵山:_￥19000元/平,https://gz.fang.lianjia.com/loupan/p_flbjsabcgf/,020,
景裕名都花园,19000,景裕名都花园:_￥19000元/平,https://gz.fang.lianjia.com/loupan/p_jymdhyabcuc/,0757,
保利星海小镇,19000,保利星海小镇:_￥19000元/平,https://gz.fang.lianjia.com/loupan/p_blxhxzaazyf/,020,
碧桂园华润新城之光,18000,碧桂园华润新城之光:_￥18000元/平,https://gz.fang.lianjia.com/loupan/p_bgyrxczgabenc/,0757,
荔城尚东,20000,荔城尚东:_￥20000元/平,https://gz.fang.lianjia.com/loupan/p_lcsdabctu/,020,
和丰颖苑,11000,和丰颖苑:_￥11000元/平,https://gz.fang.lianjia.com/loupan/p_hfyyabcrm/,020,
敏捷畔海御峰,20000,敏捷畔海御峰:_￥20000元/平,https://gz.fang.lianjia.com/loupan/p_mjhyfabcxh/,0757,
誉江华府.誉龙湾,11000,誉江华府.誉龙湾:_￥11000元/平,https://gz.fang.lianjia.com/loupan/p_yjhflwabdcf/,020,
誉江华府.誉海半岛,11500,誉江华府.誉海半岛:_￥11500元/平,https://gz.fang.lianjia.com/loupan/p_yjhfhbdabdch/,0757,
越秀岭南隽庭,14000,越秀岭南隽庭:_￥14000元/平,https://gz.fang.lianjia.com/loupan/p_yxlnjtabbdj/,0757,
太平洋国际花园,21000,太平洋国际花园:_￥21000元/平,https://gz.fang.lianjia.com/loupan/p_tpygjhyabbli/,0757,
东方夏湾拿,18000,东方夏湾拿:_￥18000元/平,https://gz.fang.lianjia.com/loupan/p_dfxwnabcuh/,020,
合盛盈翠雅筑,18000,合盛盈翠雅筑:_￥18000元/平,https://gz.fang.lianjia.com/loupan/p_hsycyzabcwf/,020,
长华国际中心,15000,长华国际中心:_￥15000元/平,https://gz.fang.lianjia.com/loupan/p_chgjsyzxabajh/,0757,
祈福聚龙堡,13000,祈福聚龙堡:_￥13000元/平,https://gz.fang.lianjia.com/loupan/p_qfjlbaazlh/,020,
都市经典,13000,都市经典:_￥13000元/平,https://gz.fang.lianjia.com/loupan/p_dsjdabctj/,0757,
保利桃花源,13000,保利桃花源:_￥13000元/平,https://gz.fang.lianjia.com/loupan/p_blthyabcrc/,020,
华发荔湾荟,45000,华发荔湾荟:_￥45000元/平,https://gz.fang.lianjia.com/loupan/p_hflwhaavgm/,020,
越秀星汇云城,45000,越秀星汇云城:_￥45000元/平,https://gz.fang.lianjia.com/loupan/p_yxxhycaaupc/,020,
佛奥湾,16000,佛奥湾:_￥16000元/平,https://gz.fang.lianjia.com/loupan/p_fawabckz/,0757,
融创御府,19000,融创御府:_￥19000元/平,https://gz.fang.lianjia.com/loupan/p_rcyfabbmf/,020,
美的花湾城,22000,美的花湾城:_￥22000元/平,https://gz.fang.lianjia.com/loupan/p_mdhwcabbta/,0757,
深业城,18500,深业城:_￥18500元/平,https://gz.fang.lianjia.com/loupan/p_sycabcug/,0757,
亿城泉说,29000,亿城泉说:_￥29000元/平,https://gz.fang.lianjia.com/loupan/p_ycqsaazqy/,020,
广州万达文化旅游城,24000,广州万达文化旅游城:_￥24000元/平,https://gz.fang.lianjia.com/loupan/p_gzwdwhlycaazrc/,020,
顺德华侨城天鹅湖,22000,顺德华侨城天鹅湖:_￥22000元/平,https://gz.fang.lianjia.com/loupan/p_sdhqcehabcte/,0757,
上林苑,15000,上林苑:_￥15000元/平,https://gz.fang.lianjia.com/loupan/p_slyabcqf/,020,
广州星河丹堤,25000,广州星河丹堤:_￥25000元/平,https://gz.fang.lianjia.com/loupan/p_gzxhddaavhz/,020,
华润天合,46000,华润天合:_￥46000元/平,https://gz.fang.lianjia.com/loupan/p_hrthaawlt/,020,
碧桂园东湖1号,18000,碧桂园东湖1号:_￥18000元/平,https://gz.fang.lianjia.com/loupan/p_jmdhyhaaunt/,020,
流花君庭,68000,流花君庭:_￥68000元/平,https://gz.fang.lianjia.com/loupan/p_lhjtaauor/,020,
乐从风度广场,14500,乐从风度广场:_￥14500元/平,https://gz.fang.lianjia.com/loupan/p_lcjlfdgcabbuc/,0757,
金地悦荔,23000,金地悦荔:_￥23000元/平,https://gz.fang.lianjia.com/loupan/p_jdylabbts/,020,
大夫山尚东,25000,大夫山尚东:_￥25000元/平,https://gz.fang.lianjia.com/loupan/p_dfssdabasg/,020,
东方文德森岛湖,18000,东方文德森岛湖:_￥18000元/平,https://gz.fang.lianjia.com/loupan/p_dfwdsdhabasv/,020,
招商公园1872,16000,招商公园1872:_￥16000元/平,https://gz.fang.lianjia.com/loupan/p_zsyabcpz/,0757,
桂丹颐景园,11500,桂丹颐景园:_￥11500元/平,https://gz.fang.lianjia.com/loupan/p_gdyjyabcqc/,0757,
鹅潭湾,50000,鹅潭湾:_￥50000元/平,https://gz.fang.lianjia.com/loupan/p_etwaaqvu/,020,
鸣翠花园四期,52000,鸣翠花园四期:_￥52000元/平,https://gz.fang.lianjia.com/loupan/p_mchysqaauzk/,020,
新动力广场,15000,新动力广场:_￥15000元/平,https://gz.fang.lianjia.com/loupan/p_xdlgcaaxza/,0757,
物联创智谷,14000,物联创智谷:_￥14000元/平,https://gz.fang.lianjia.com/loupan/p_wlczgaayqj/,0757,
臻尚苑,39000,臻尚苑:_￥39000元/平,https://gz.fang.lianjia.com/loupan/p_zsyaauob/,020,
蓝光林肯公园,25000,蓝光林肯公园:_￥25000元/平,https://gz.fang.lianjia.com/loupan/p_tdxryaaupk/,020,
保利翡翠公馆,16300,保利翡翠公馆:_￥16300元/平,https://gz.fang.lianjia.com/loupan/p_blfcggabbtt/,0757,
御秀名门,18000,御秀名门:_￥18000元/平,https://gz.fang.lianjia.com/loupan/p_yxmmabbtf/,020,
天颐华府,60000,天颐华府:_￥60000元/平,https://gz.fang.lianjia.com/loupan/p_tyhfabbgy/,020,
新澳ITI国际,18000,新澳ITI国际:_￥18000元/平,https://gz.fang.lianjia.com/loupan/p_xaigjabbha/,020,
怡翠晋盛御园,21000,怡翠晋盛御园:_￥21000元/平,https://gz.fang.lianjia.com/loupan/p_ycjsyyabcok/,0757,
招商雍景湾,15500,招商雍景湾:_￥15500元/平,https://gz.fang.lianjia.com/loupan/p_zsyjwabcqo/,0757,
叠翠轩,11000,叠翠轩:_￥11000元/平,https://gz.fang.lianjia.com/loupan/p_dcxaazcq/,020,
悠山时光,19000,悠山时光:_￥19000元/平,https://gz.fang.lianjia.com/loupan/p_yssgaaubh/,020,
雅居乐万科热橙,15000,雅居乐万科热橙:_￥15000元/平,https://gz.fang.lianjia.com/loupan/p_yjlwkrcaauiv/,020,
绿湖国际城,14500,绿湖国际城:_￥14500元/平,https://gz.fang.lianjia.com/loupan/p_lhgjcaaudr/,020,
南沙保利城,20000,南沙保利城:_￥20000元/平,https://gz.fang.lianjia.com/loupan/p_nsblcaauzn/,020,
泷景花园,17000,泷景花园:_￥17000元/平,https://gz.fang.lianjia.com/loupan/p_ljhyaayrd/,0757,
中恒海晖城,13500,中恒海晖城:_￥13500元/平,https://gz.fang.lianjia.com/loupan/p_zhhhcaayqq/,020,
合景花漫里,18000,合景花漫里:_￥18000元/平,https://gz.fang.lianjia.com/loupan/p_hjhmlaauep/,020,
西福蓝湾,19000,西福蓝湾:_￥19000元/平,https://gz.fang.lianjia.com/loupan/p_xflwaaufm/,020,
白云堡豪苑尚云名邸,42000,白云堡豪苑尚云名邸:_￥42000元/平,https://gz.fang.lianjia.com/loupan/p_bybhysymdaauhl/,020,
保利拉菲,15000,保利拉菲:_￥15000元/平,https://gz.fang.lianjia.com/loupan/p_bllflgylabbxk/,0757,
保利葛洲坝海德公馆,56000,保利葛洲坝海德公馆:_￥56000元/平,https://gz.fang.lianjia.com/loupan/p_blgzbhdggabban/,020,
恒大山水郡,16500,恒大山水郡:_￥16500元/平,https://gz.fang.lianjia.com/loupan/p_hdssjabcqg/,020,
珑翠,38000,珑翠:_￥38000元/平,https://gz.fang.lianjia.com/loupan/p_lcaaudu/,020,
保利云禧西区,60000,保利云禧西区:_￥60000元/平,https://gz.fang.lianjia.com/loupan/p_blyxxqaaqwc/,020,
富力悦禧花园,23000,富力悦禧花园:_￥23000元/平,https://gz.fang.lianjia.com/loupan/p_flyxhyaauvf/,020,
峰湖御境,31000,峰湖御境:_￥31000元/平,https://gz.fang.lianjia.com/loupan/p_fhyjaazlp/,020,
星尚花园,23000,星尚花园:_￥23000元/平,https://gz.fang.lianjia.com/loupan/p_xshyaaudv/,020,
恒大御府,59000,恒大御府:_￥59000元/平,https://gz.fang.lianjia.com/loupan/p_hdyfaaqvs/,020,
九洲海誉居,85000,九洲海誉居:_￥85000元/平,https://gz.fang.lianjia.com/loupan/p_jzhyjaaujg/,020,
紫泉流溪湾,22000,紫泉流溪湾:_￥22000元/平,https://gz.fang.lianjia.com/loupan/p_zqlxwaazta/,020,
星河湾半岛,68000,星河湾半岛:_￥68000元/平,https://gz.fang.lianjia.com/loupan/p_xhwbdaazxr/,020,
宝兴翠园,45000,宝兴翠园:_￥45000元/平,https://gz.fang.lianjia.com/loupan/p_bxcyaaueg/,020,
珠光御景山水城,16000,珠光御景山水城:_￥16000元/平,https://gz.fang.lianjia.com/loupan/p_zgyjsscaauco/,020,
珠江壹城,16500,珠江壹城:_￥16500元/平,https://gz.fang.lianjia.com/loupan/p_zjycaauim/,020,
南天名苑,48000,南天名苑:_￥48000元/平,https://gz.fang.lianjia.com/loupan/p_ntmyaaufh/,020,
豪利花园,23000,豪利花园:_￥23000元/平,https://gz.fang.lianjia.com/loupan/p_hlhyaaunr/,020,
广州星河山海湾,27000,广州星河山海湾:_￥27000元/平,https://gz.fang.lianjia.com/loupan/p_gzxhshwaauov/,020,
万科山景城,26000,万科山景城:_￥26000元/平,https://gz.fang.lianjia.com/loupan/p_wksjcaatwy/,020,
远洋天骄,46000,远洋天骄:_￥46000元/平,https://gz.fang.lianjia.com/loupan/p_yytjaaupm/,020,
中泰天境,20000,中泰天境:_￥20000元/平,https://gz.fang.lianjia.com/loupan/p_zttjaauzq/,020,
龙湖首开天宸原著,48000,龙湖首开天宸原著:_￥48000元/平,https://gz.fang.lianjia.com/loupan/p_lhsktcyzaatxx/,020,
珠江源昌花园,15000,珠江源昌花园:_￥15000元/平,https://gz.fang.lianjia.com/loupan/p_zjychyaaupj/,020,
峻林,100000,峻林:_￥100000元/平,https://gz.fang.lianjia.com/loupan/p_jlyaarah/,020,
博雅首府,120000,博雅首府:_￥120000元/平,https://gz.fang.lianjia.com/loupan/p_bysfaauvr/,020,
万科尚城,33000,万科尚城:_￥33000元/平,https://gz.fang.lianjia.com/loupan/p_wkscaazyj/,020,
中海花湾壹号,50000,中海花湾壹号:_￥50000元/平,https://gz.fang.lianjia.com/loupan/p_zhhwyhaaucd/,020,
珠江岭南苑,90000,珠江岭南苑:_￥90000元/平,https://gz.fang.lianjia.com/loupan/p_zjlnyaauqw/,020,
桃花源,25000,桃花源:_￥25000元/平,https://gz.fang.lianjia.com/loupan/p_thyaauxv/,020,
南华时代城,22000,南华时代城:_￥22000元/平,https://gz.fang.lianjia.com/loupan/p_nhsdcaatyq/,020,
嘉富广场东山一品,75000,嘉富广场东山一品:_￥75000元/平,https://gz.fang.lianjia.com/loupan/p_jfgcdsypaavgk/,020,
侨鑫汇悦台,170000,侨鑫汇悦台:_￥170000元/平,https://gz.fang.lianjia.com/loupan/p_qxhytaauja/,020,
天誉半岛花园,100000,天誉半岛花园:_￥100000元/平,https://gz.fang.lianjia.com/loupan/p_tybdhyaaugh/,020,
倾城国际,15500,倾城国际:_￥15500元/平,https://gz.fang.lianjia.com/loupan/p_qcgjaauzr/,020,
花城悦翠园,12000,花城悦翠园:_￥12000元/平,https://gz.fang.lianjia.com/loupan/p_hcycyaauzp/,020,
融穗华府,50000,融穗华府:_￥50000元/平,https://gz.fang.lianjia.com/loupan/p_rshfaaucp/,020,
金地天河公馆,47000,金地天河公馆:_￥47000元/平,https://gz.fang.lianjia.com/loupan/p_jdthggaazrg/,020,
尚轩103,54000,尚轩103:_￥54000元/平,https://gz.fang.lianjia.com/loupan/p_sxaatxt/,020,
中央郡,23000,中央郡:_￥23000元/平,https://gz.fang.lianjia.com/loupan/p_zyjaaufi/,020,
珠江嘉园,22000,珠江嘉园:_￥22000元/平,https://gz.fang.lianjia.com/loupan/p_zjjyaaull/,020,
兰亭盛荟,50000,兰亭盛荟:_￥50000元/平,https://gz.fang.lianjia.com/loupan/p_ltshaaumq/,020,
绿地新里缇香公馆,20000,绿地新里缇香公馆:_￥20000元/平,https://gz.fang.lianjia.com/loupan/p_ldxltxggaauen/,020,
越秀星汇御府,85000,越秀星汇御府:_￥85000元/平,https://gz.fang.lianjia.com/loupan/p_yxxhyfaaujk/,020,
万科里享家,20000,万科里享家:_￥20000元/平,https://gz.fang.lianjia.com/loupan/p_wklxjaaumu/,020,
时代长岛,28000,时代长岛:_￥28000元/平,https://gz.fang.lianjia.com/loupan/p_sdcdaauyc/,020,
景业荔都,13000,景业荔都:_￥13000元/平,https://gz.fang.lianjia.com/loupan/p_jyldaauzv/,020,
叠翠峰,26000,叠翠峰:_￥26000元/平,https://gz.fang.lianjia.com/loupan/p_dcfaaurv/,020,
大学小筑,60000,大学小筑:_￥60000元/平,https://gz.fang.lianjia.com/loupan/p_dxxzaaukv/,020,
嘉都汇,26000,嘉都汇:_￥26000元/平,https://gz.fang.lianjia.com/loupan/p_jdhaaulr/,020,
保利西悦湾,47000,保利西悦湾:_￥47000元/平,https://gz.fang.lianjia.com/loupan/p_blxywaaumr/,020,
珠光山水御苑,13000,珠光山水御苑:_￥13000元/平,https://gz.fang.lianjia.com/loupan/p_zgssyyaaujj/,020,
时代春树里,31000,时代春树里:_￥31000元/平,https://gz.fang.lianjia.com/loupan/p_sdcslaaqoq/,020,
远东御江豪庭,40000,远东御江豪庭:_￥40000元/平,https://gz.fang.lianjia.com/loupan/p_ydyjhtaauzu/,020,
天河星作,43000,天河星作:_￥43000元/平,https://gz.fang.lianjia.com/loupan/p_thxzaavns/,020,
华海山屿海,20000,华海山屿海:_￥20000元/平,https://gz.fang.lianjia.com/loupan/p_hhsyhaazyz/,020,
尚东柏悦府,180000,尚东柏悦府:_￥180000元/平,https://gz.fang.lianjia.com/loupan/p_sdbyfaazzb/,020,
北大资源博雅1898,47000,北大资源博雅1898:_￥47000元/平,https://gz.fang.lianjia.com/loupan/p_bdzybyaaupd/,020,
合生湖山国际峰景路,22000,合生湖山国际峰景路:_￥22000元/平,https://gz.fang.lianjia.com/loupan/p_hshsgjfjlaawyo/,020,
东湖洲花园2区,29000,东湖洲花园2区:_￥29000元/平,https://gz.fang.lianjia.com/loupan/p_dhzhyaavfg/,020,
珠光御景壹號,80000,珠光御景壹號:_￥80000元/平,https://gz.fang.lianjia.com/loupan/p_zgyjyhaauvm/,020,
佳兆业城市广场,32000,佳兆业城市广场:_￥32000元/平,https://gz.fang.lianjia.com/loupan/p_jzycsgcaavcf/,020,
公园里（春晓花园）,18000,公园里（春晓花园）:_￥18000元/平,https://gz.fang.lianjia.com/loupan/p_gylxhyaauct/,020,
爱群荟景湾,72000,爱群荟景湾:_￥72000元/平,https://gz.fang.lianjia.com/loupan/p_aqhjwaatyl/,020,
雍晟岭南雅苑,17000,雍晟岭南雅苑:_￥17000元/平,https://gz.fang.lianjia.com/loupan/p_yclnyyaaufg/,020,
帝景山庄,5000,帝景山庄:_￥5000万/套,https://gz.fang.lianjia.com/loupan/p_djszaazfl/,020,
汉中紫薇苑,16000,汉中紫薇苑:_￥16000元/平,https://gz.fang.lianjia.com/loupan/p_hzzwyaauxr/,020,
尚东君御雅苑,1998,尚东君御雅苑:_￥1998万/套,https://gz.fang.lianjia.com/loupan/p_sdjyyyaaqop/,020,
珠江帝景苑合生紫龙府,85000,珠江帝景苑合生紫龙府:_￥85000元/平,https://gz.fang.lianjia.com/loupan/p_aaqvq/,020,
智杰雅筑,15000,智杰雅筑:_￥15000元/平,https://gz.fang.lianjia.com/loupan/p_zjyzaatxr/,020,
荔山雅筑,15000,荔山雅筑:_￥15000元/平,https://gz.fang.lianjia.com/loupan/p_lsyzaatym/,020,
顺欣花园,22000,顺欣花园:_￥22000元/平,https://gz.fang.lianjia.com/loupan/p_sxhyaaudz/,020,
